current_category,current_subcategory,current_ui_placement,metric_id,metric_name,short_name,region,source,series_id,frequency,transform,unit,importance,observation_count,first_observation,latest_observation,classification,recommendation,reason,official_url,docs_url,release_name
inflation,expectations_business,inflation › Business Expectations (root),us-atlanta-bie-1y,Atlanta Fed Business Inflation Expectations 1-Year,Atlanta BIE 1Y,US,atlanta,BIE_EXPECTED_PRICE_1Y,monthly,level,percent,critical,9,2026-01-01,2026-09-01,CORE,Keep with native label/method.,Direct price-stability input or inflation driver; preserve exact native price measure and basket level.,https://www.atlantafed.org/research/inflationproject/bie,https://www.atlantafed.org/research/inflationproject/bie,Business Inflation Expectations
inflation,expectations_business,Not in country dashboard,us-atlanta-bie-unit-cost-1y,Atlanta Fed BIE Expected Unit-Cost Growth 1-Year,Atlanta BIE Unit Cost,US,atlanta,BIE_EXPECTED_UNIT_COST_1Y,monthly,level,percent,high,9,2026-01-01,2026-09-01,IMPORTANT,Keep with native label/method.,Direct price-stability input or inflation driver; preserve exact native price measure and basket level.,https://www.atlantafed.org/research/inflationproject/bie,https://www.atlantafed.org/research/inflationproject/bie,Business Inflation Expectations
inflation,expectations_business,Not in country dashboard,us-cleveland-exp-inf-5-10y,Cleveland Fed Expected Inflation 5–10 Year,Cleveland 5–10Y,US,fred,EXPINF5YR,monthly,level,percent,high,537,1982-01-01,2026-09-01,REDUNDANT,Merge into us-cleveland-exp-inf-5y.,Exact source/series/transform/unit duplicate of `us-cleveland-exp-inf-5y`; merge to one canonical metric.,https://www.clevelandfed.org/indicators-and-data/inflation-expectations,https://fred.stlouisfed.org/series/EXPINF5YR,Inflation Expectations
inflation,expectations_business,inflation › Business Expectations (chart),us-cleveland-sofie-1y,Cleveland Fed SoFIE Expected CPI Inflation (1-Year),Cleveland SoFIE 1Y,US,cleveland_sofie,SOFIE_1Y,quarterly,level,percent,high,34,2018-04-01,2026-07-01,IMPORTANT,Keep with native label/method.,Direct price-stability input or inflation driver; preserve exact native price measure and basket level.,https://www.clevelandfed.org/indicators-and-data/survey-of-firms-inflation-expectations,https://www.clevelandfed.org/indicators-and-data/survey-of-firms-inflation-expectations,Survey of Firms' Inflation Expectations
inflation,expectations_business,Not in country dashboard,us-cleveland-sofie-5y,Cleveland Fed SoFIE Expected CPI Inflation (5-Year),Cleveland SoFIE 5Y,US,cleveland_sofie,SOFIE_5Y,quarterly,level,percent,medium,19,2018-10-01,2026-07-01,OPTIONAL,Keep with native label/method.,Contextual/supporting indicator; keep subordinate unless a defined policy use case warrants prominence.,https://www.clevelandfed.org/indicators-and-data/survey-of-firms-inflation-expectations,https://www.clevelandfed.org/indicators-and-data/survey-of-firms-inflation-expectations,Survey of Firms' Inflation Expectations
inflation,expectations_consumer,inflation › Wage Expectations (chart),us-nyfed-sce-1y,NY Fed SCE Inflation Expectations 1-Year,NY Fed SCE 1Y,US,nyfed,SCE_INFLATION_1Y,monthly,level,percent,critical,159,2013-06-01,2026-08-01,CORE,Keep with native label/method.,Direct price-stability input or inflation driver; preserve exact native price measure and basket level.,https://www.newyorkfed.org/microeconomics/sce,https://www.newyorkfed.org/microeconomics/databank,Survey of Consumer Expectations
inflation,expectations_consumer,Not in country dashboard,us-nyfed-sce-1y-uncertainty,NY Fed SCE Inflation Uncertainty 1-Year,NY Fed SCE Uncertainty,US,nyfed,SCE_INFLATION_UNCERTAINTY_1Y,monthly,level,percent,medium,159,2013-06-01,2026-08-01,OPTIONAL,Keep with native label/method.,Contextual/supporting indicator; keep subordinate unless a defined policy use case warrants prominence.,https://www.newyorkfed.org/microeconomics/sce,https://www.newyorkfed.org/microeconomics/databank,Survey of Consumer Expectations
inflation,expectations_consumer,inflation › Wage Expectations (chart),us-nyfed-sce-3y,NY Fed SCE Inflation Expectations 3-Year,NY Fed SCE 3Y,US,nyfed,SCE_INFLATION_3Y,monthly,level,percent,critical,159,2013-06-01,2026-08-01,CORE,Keep with native label/method.,Direct price-stability input or inflation driver; preserve exact native price measure and basket level.,https://www.newyorkfed.org/microeconomics/sce,https://www.newyorkfed.org/microeconomics/databank,Survey of Consumer Expectations
inflation,expectations_consumer,inflation › Wage Expectations (chart),us-nyfed-sce-5y,NY Fed SCE Inflation Expectations 5-Year,NY Fed SCE 5Y,US,nyfed,SCE_INFLATION_5Y,monthly,level,percent,critical,56,2022-01-01,2026-08-01,CORE,Keep with native label/method.,Direct price-stability input or inflation driver; preserve exact native price measure and basket level.,https://www.newyorkfed.org/microeconomics/sce,https://www.newyorkfed.org/microeconomics/databank,Survey of Consumer Expectations
inflation,expectations_consumer,Not in country dashboard,us-nyfed-sce-inflation-exp-1y,NY Fed SCE Inflation Expectations (1-Year),NY Fed SCE 1Y,US,nyfed,SCE_INFLATION_1Y,monthly,level,percent,critical,159,2013-06-01,2026-08-01,REDUNDANT,Merge into us-nyfed-sce-1y.,Exact source/series/transform/unit duplicate of `us-nyfed-sce-1y`; merge to one canonical metric.,https://www.newyorkfed.org/microeconomics/sce,https://www.newyorkfed.org/microeconomics/databank,Survey of Consumer Expectations
inflation,expectations_consumer,Not in country dashboard,us-nyfed-sce-inflation-exp-3y,NY Fed SCE Inflation Expectations (3-Year),NY Fed SCE 3Y,US,nyfed,SCE_INFLATION_3Y,monthly,level,percent,high,159,2013-06-01,2026-08-01,REDUNDANT,Merge into us-nyfed-sce-3y.,Exact source/series/transform/unit duplicate of `us-nyfed-sce-3y`; merge to one canonical metric.,https://www.newyorkfed.org/microeconomics/sce,https://www.newyorkfed.org/microeconomics/databank,Survey of Consumer Expectations
inflation,expectations_consumer,Not in country dashboard,us-nyfed-sce-inflation-exp-5y,NY Fed SCE Inflation Expectations (5-Year),NY Fed SCE 5Y,US,nyfed,SCE_INFLATION_5Y,monthly,level,percent,high,56,2022-01-01,2026-08-01,REDUNDANT,Merge into us-nyfed-sce-5y.,Exact source/series/transform/unit duplicate of `us-nyfed-sce-5y`; merge to one canonical metric.,https://www.newyorkfed.org/microeconomics/sce,https://www.newyorkfed.org/microeconomics/databank,Survey of Consumer Expectations
inflation,expectations_consumer,inflation › Consumer Expectations (chart),us-umich-inflation-exp-1y,UMich Expected Inflation (1-Year),UMich 1Y Exp,US,fred,MICH,monthly,level,percent,critical,584,1978-01-01,2026-08-01,CORE,Keep with native label/method.,Direct price-stability input or inflation driver; preserve exact native price measure and basket level.,https://data.sca.isr.umich.edu/,https://data.sca.isr.umich.edu/,Michigan Survey of Consumers
inflation,expectations_consumer,inflation › Consumer Expectations (chart),us-umich-inflation-exp-5y,UMich Expected Inflation (5-Year),UMich 5Y Exp,US,umich,PX5,monthly,level,percent,high,480,1979-02-01,2026-09-01,IMPORTANT,Keep with native label/method.,Direct price-stability input or inflation driver; preserve exact native price measure and basket level.,https://data.sca.isr.umich.edu/data-archive/mine.php,https://data.sca.isr.umich.edu/technical-docs.php,Michigan Survey of Consumers
inflation,expectations_household_finance,inflation › Wage Expectations (chart),us-nyfed-sce-finance-income-1y,NY Fed SCE Household Income Growth Expectations (1-Year),SCE Income Growth 1Y,US,nyfed,SCE_FINANCE_INCOME_1Y,monthly,level,percent,high,159,2013-06-01,2026-08-01,IMPORTANT,Keep with native label/method.,Direct price-stability input or inflation driver; preserve exact native price measure and basket level.,https://www.newyorkfed.org/microeconomics/sce,https://www.newyorkfed.org/microeconomics/databank,Survey of Consumer Expectations
inflation,expectations_household_finance,inflation › Wage Expectations (chart),us-nyfed-sce-finance-spending-1y,NY Fed SCE Household Spending Growth Expectations (1-Year),SCE Spending Growth 1Y,US,nyfed,SCE_FINANCE_SPENDING_1Y,monthly,level,percent,high,159,2013-06-01,2026-08-01,IMPORTANT,Keep with native label/method.,Direct price-stability input or inflation driver; preserve exact native price measure and basket level.,https://www.newyorkfed.org/microeconomics/sce,https://www.newyorkfed.org/microeconomics/databank,Survey of Consumer Expectations
inflation,expectations_household_finance,inflation › Wage Expectations (chart),us-nyfed-sce-finance-tax-1y,NY Fed SCE Tax Change Expectations (1-Year),SCE Tax Change 1Y,US,nyfed,SCE_FINANCE_TAX_1Y,monthly,level,percent,medium,159,2013-06-01,2026-08-01,OPTIONAL,Keep with native label/method.,Contextual/supporting indicator; keep subordinate unless a defined policy use case warrants prominence.,https://www.newyorkfed.org/microeconomics/sce,https://www.newyorkfed.org/microeconomics/databank,Survey of Consumer Expectations
inflation,expectations_labor,inflation › Wage Expectations (root),us-nyfed-sce-labor-earnings-1y,NY Fed SCE Earnings Growth Expectations (1-Year),SCE Earnings 1Y,US,nyfed,SCE_LABOR_EARNINGS_1Y,monthly,level,percent,high,159,2013-06-01,2026-08-01,IMPORTANT,Keep with native label/method.,Direct price-stability input or inflation driver; preserve exact native price measure and basket level.,https://www.newyorkfed.org/microeconomics/sce,https://www.newyorkfed.org/microeconomics/databank,Survey of Consumer Expectations
inflation,expectations_market,inflation › Market-Based (root),us-5y5y-forward,5Y5Y Forward Inflation Expectation,5Y5Y Fwd,US,fred,T5YIFR,daily,level,percent,high,5945,2003-01-02,2026-10-06,IMPORTANT,Keep with native label/method.,Direct price-stability input or inflation driver; preserve exact native price measure and basket level.,https://www.federalreserve.gov,https://fred.stlouisfed.org/series/T5YIFR,Forward Inflation
inflation,expectations_market,inflation › Market-Based (chart),us-breakeven-10y,10-Year Breakeven Inflation Rate,10Y BE,US,fred,T10YIE,daily,level,percent,high,5945,2003-01-02,2026-10-06,IMPORTANT,Keep with native label/method.,Direct price-stability input or inflation driver; preserve exact native price measure and basket level.,https://www.federalreserve.gov,https://fred.stlouisfed.org/series/T10YIE,TIPS Breakevens
inflation,expectations_market,inflation › Market-Based (chart),us-breakeven-1y,1-Year Breakeven Inflation Rate,1Y BE,US,fred,T1YIE,daily,level,percent,high,0,,,IMPORTANT,Repair/verify route and history.,No observation rows in local DB; configured metric cannot substantiate a displayed value/trend.,https://www.federalreserve.gov,https://fred.stlouisfed.org/series/T1YIE,TIPS Breakevens
inflation,expectations_market,inflation › Market-Based (chart),us-breakeven-2y,2-Year Breakeven Inflation Rate,2Y BE,US,fred,T2YIE,daily,level,percent,high,0,,,IMPORTANT,Repair/verify route and history.,No observation rows in local DB; configured metric cannot substantiate a displayed value/trend.,https://www.federalreserve.gov,https://fred.stlouisfed.org/series/T2YIE,TIPS Breakevens
inflation,expectations_market,inflation › Market-Based (chart),us-breakeven-5y,5-Year Breakeven Inflation Rate,5Y BE,US,fred,T5YIE,daily,level,percent,high,5945,2003-01-02,2026-10-06,IMPORTANT,Keep with native label/method.,Direct price-stability input or inflation driver; preserve exact native price measure and basket level.,https://www.federalreserve.gov,https://fred.stlouisfed.org/series/T5YIE,TIPS Breakevens
inflation,expectations_model,Not in country dashboard,us-cleveland-exp-inf-10y,Cleveland Fed Expected Inflation 10-Year,Cleveland 10Y,US,fred,EXPINF10YR,monthly,level,percent,high,537,1982-01-01,2026-09-01,IMPORTANT,Keep with native label/method.,Direct price-stability input or inflation driver; preserve exact native price measure and basket level.,https://www.clevelandfed.org/indicators-and-data/inflation-expectations,https://fred.stlouisfed.org/series/EXPINF10YR,Inflation Expectations
inflation,expectations_model,inflation › Consumer Expectations (root),us-cleveland-exp-inf-1y,Cleveland Fed Expected Inflation (1-Year),Cleve 1Y Exp,US,fred,EXPINF1YR,monthly,level,percent,high,537,1982-01-01,2026-09-01,IMPORTANT,Keep with native label/method.,Direct price-stability input or inflation driver; preserve exact native price measure and basket level.,https://www.clevelandfed.org/indicators-and-data/inflation-expectations,https://www.clevelandfed.org/indicators-and-data/inflation-expectations,Inflation Expectations
inflation,expectations_model,Not in country dashboard,us-cleveland-exp-inf-2y,Cleveland Fed Expected Inflation (2-Year),Cleve 2Y Exp,US,fred,EXPINF2YR,monthly,level,percent,high,537,1982-01-01,2026-09-01,IMPORTANT,Keep with native label/method.,Direct price-stability input or inflation driver; preserve exact native price measure and basket level.,https://www.clevelandfed.org/indicators-and-data/inflation-expectations,https://www.clevelandfed.org/indicators-and-data/inflation-expectations,Inflation Expectations
inflation,expectations_model,Not in country dashboard,us-cleveland-exp-inf-30y,Cleveland Fed Expected Inflation (30-Year),Cleve 30Y Exp,US,fred,EXPINF30YR,monthly,level,percent,high,537,1982-01-01,2026-09-01,IMPORTANT,Keep with native label/method.,Direct price-stability input or inflation driver; preserve exact native price measure and basket level.,https://www.clevelandfed.org/indicators-and-data/inflation-expectations,https://fred.stlouisfed.org/series/EXPINF30YR,Inflation Expectations
inflation,expectations_model,inflation › Consumer Expectations (chart),us-cleveland-exp-inf-3y,Cleveland Fed Expected Inflation 3-Year,Cleveland 3Y,US,fred,EXPINF3YR,monthly,level,percent,high,537,1982-01-01,2026-09-01,IMPORTANT,Keep with native label/method.,Direct price-stability input or inflation driver; preserve exact native price measure and basket level.,https://www.clevelandfed.org/indicators-and-data/inflation-expectations,https://fred.stlouisfed.org/series/EXPINF3YR,Inflation Expectations
inflation,expectations_model,inflation › Consumer Expectations (chart),us-cleveland-exp-inf-5y,Cleveland Fed Expected Inflation (5-Year),Cleve 5Y Exp,US,fred,EXPINF5YR,monthly,level,percent,critical,537,1982-01-01,2026-09-01,CORE,Keep with native label/method.,Direct price-stability input or inflation driver; preserve exact native price measure and basket level.,https://www.clevelandfed.org/indicators-and-data/inflation-expectations,https://www.clevelandfed.org/indicators-and-data/inflation-expectations,Inflation Expectations
inflation,expectations_professional,Not in country dashboard,us-philly-spf-5y5y-cpi,Philadelphia Fed SPF 5Y5Y Forward CPI,SPF CPI 5Y5Y,US,philadelphia,CPI05YF05,quarterly,level,percent,high,1,2026-07-01,2026-07-01,IMPORTANT,Keep with native label/method.,Direct price-stability input or inflation driver; preserve exact native price measure and basket level.,https://www.philadelphiafed.org/surveys-and-data/real-time-data-research/survey-of-professional-forecasters,https://www.philadelphiafed.org/surveys-and-data/data-files,Survey of Professional Forecasters
inflation,expectations_professional,Not in country dashboard,us-philly-spf-5y5y-pce,Philadelphia Fed SPF 5Y5Y Forward PCE,SPF PCE 5Y5Y,US,philadelphia,PCE05YF05,quarterly,level,percent,high,1,2026-07-01,2026-07-01,IMPORTANT,Keep with native label/method.,Direct price-stability input or inflation driver; preserve exact native price measure and basket level.,https://www.philadelphiafed.org/surveys-and-data/real-time-data-research/survey-of-professional-forecasters,https://www.philadelphiafed.org/surveys-and-data/data-files,Survey of Professional Forecasters
inflation,expectations_professional,Not in country dashboard,us-philly-spf-core-cpi-1y,Philadelphia Fed SPF Core CPI 1-Year,SPF Core CPI 1Y,US,philadelphia,CORECPI,quarterly,level,percent,high,1,2026-07-01,2026-07-01,IMPORTANT,Keep with native label/method.,Direct price-stability input or inflation driver; preserve exact native price measure and basket level.,https://www.philadelphiafed.org/surveys-and-data/real-time-data-research/survey-of-professional-forecasters,https://www.philadelphiafed.org/surveys-and-data/corecpi-spf,Survey of Professional Forecasters
inflation,expectations_professional,Not in country dashboard,us-philly-spf-core-pce-1y,Philadelphia Fed SPF Core PCE 1-Year,SPF Core PCE 1Y,US,philadelphia,COREPCE,quarterly,level,percent,high,1,2026-07-01,2026-07-01,IMPORTANT,Keep with native label/method.,Direct price-stability input or inflation driver; preserve exact native price measure and basket level.,https://www.philadelphiafed.org/surveys-and-data/real-time-data-research/survey-of-professional-forecasters,https://www.philadelphiafed.org/surveys-and-data/corepce-spf,Survey of Professional Forecasters
inflation,expectations_professional,Not in country dashboard,us-philly-spf-cpi-10y,Philadelphia Fed SPF CPI 10-Year,SPF CPI 10Y,US,philadelphia,CPI10,quarterly,level,percent,medium,1,2026-07-01,2026-07-01,OPTIONAL,Keep with native label/method.,Contextual/supporting indicator; keep subordinate unless a defined policy use case warrants prominence.,https://www.philadelphiafed.org/surveys-and-data/real-time-data-research/survey-of-professional-forecasters,https://www.philadelphiafed.org/surveys-and-data/cpi10,Survey of Professional Forecasters
inflation,expectations_professional,Not in country dashboard,us-philly-spf-cpi-1y,Philadelphia Fed SPF CPI 1-Year,SPF CPI 1Y,US,philadelphia,CPI,quarterly,level,percent,critical,1,2026-07-01,2026-07-01,CORE,Keep with native label/method.,Direct price-stability input or inflation driver; preserve exact native price measure and basket level.,https://www.philadelphiafed.org/surveys-and-data/real-time-data-research/survey-of-professional-forecasters,https://www.philadelphiafed.org/surveys-and-data/cpi-spf,Survey of Professional Forecasters
inflation,expectations_professional,Not in country dashboard,us-philly-spf-cpi-5y,Philadelphia Fed SPF CPI 5-Year,SPF CPI 5Y,US,philadelphia,CPI5YR,quarterly,level,percent,high,1,2026-07-01,2026-07-01,IMPORTANT,Keep with native label/method.,Direct price-stability input or inflation driver; preserve exact native price measure and basket level.,https://www.philadelphiafed.org/surveys-and-data/real-time-data-research/survey-of-professional-forecasters,https://www.philadelphiafed.org/surveys-and-data/cpi5yr,Survey of Professional Forecasters
inflation,expectations_professional,Not in country dashboard,us-philly-spf-pce-10y,Philadelphia Fed SPF PCE 10-Year,SPF PCE 10Y,US,philadelphia,PCE10,quarterly,level,percent,medium,1,2026-07-01,2026-07-01,OPTIONAL,Keep with native label/method.,Contextual/supporting indicator; keep subordinate unless a defined policy use case warrants prominence.,https://www.philadelphiafed.org/surveys-and-data/real-time-data-research/survey-of-professional-forecasters,https://www.philadelphiafed.org/surveys-and-data/pce10,Survey of Professional Forecasters
inflation,expectations_professional,Not in country dashboard,us-philly-spf-pce-1y,Philadelphia Fed SPF PCE 1-Year,SPF PCE 1Y,US,philadelphia,PCE,quarterly,level,percent,high,1,2026-07-01,2026-07-01,IMPORTANT,Keep with native label/method.,Direct price-stability input or inflation driver; preserve exact native price measure and basket level.,https://www.philadelphiafed.org/surveys-and-data/real-time-data-research/survey-of-professional-forecasters,https://www.philadelphiafed.org/surveys-and-data/pce,Survey of Professional Forecasters
inflation,expectations_professional,Not in country dashboard,us-philly-spf-pce-5y,Philadelphia Fed SPF PCE 5-Year,SPF PCE 5Y,US,philadelphia,PCE5YR,quarterly,level,percent,high,1,2026-07-01,2026-07-01,IMPORTANT,Keep with native label/method.,Direct price-stability input or inflation driver; preserve exact native price measure and basket level.,https://www.philadelphiafed.org/surveys-and-data/real-time-data-research/survey-of-professional-forecasters,https://www.philadelphiafed.org/surveys-and-data/pce5yr,Survey of Professional Forecasters
inflation,labor_costs,jobs › Wage Growth (root),us-ahe,Average Hourly Earnings YoY,AHE YoY,US,bls,CES0500000003,monthly,pct_change_yoy,percent,critical,235,2007-03-01,2026-09-01,MISCLASSIFIED,"Move to Labour › Wages; observed wage growth, not an inflation expectation.","Move to Labour › Wages; observed wage growth, not an inflation expectation.",https://www.bls.gov/ces,https://www.bls.gov/news.release/empsit.nr0.htm,Employment Situation
inflation,labor_costs,Not in country dashboard,us-ahe-mom,Average Hourly Earnings MoM,AHE MoM,US,bls,CES0500000003,monthly,pct_change_mom,percent,high,246,2006-04-01,2026-09-01,MISCLASSIFIED,"Move to Labour › Wages; observed wage growth, not an inflation expectation.","Move to Labour › Wages; observed wage growth, not an inflation expectation.",https://www.bls.gov/ces,https://www.bls.gov/news.release/empsit.nr0.htm,Employment Situation
inflation,labor_costs,inflation › Wage Expectations (chart),us-atlanta-wage,Atlanta Fed Wage Growth Tracker,Wage Tracker,US,fred,FRBATLWGT3MMAUMHWGO,monthly,level,percent,high,355,1997-01-01,2026-08-01,IMPORTANT,Keep with native label/method.,Direct price-stability input or inflation driver; preserve exact native price measure and basket level.,https://www.atlantafed.org/chcs/wage-growth-tracker,https://www.atlantafed.org/chcs/wage-growth-tracker,Wage Growth Tracker
inflation,labor_costs,Not in country dashboard,us-eci-total,Employment Cost Index — Total Compensation,ECI Total,US,fred,ECIALLCIV,quarterly,level,index,critical,102,2001-01-01,2026-04-01,CORE,Keep with native label/method.,Direct price-stability input or inflation driver; preserve exact native price measure and basket level.,https://www.bls.gov/eci,https://www.bls.gov/news.release/eci.nr0.htm,Employment Cost Index
inflation,labor_costs,Not in country dashboard,us-eci-wages,Employment Cost Index — Wages & Salaries,ECI Wages,US,fred,ECIWAG,quarterly,pct_change,percent,critical,101,2001-04-01,2026-04-01,CORE,Keep with native label/method.,Direct price-stability input or inflation driver; preserve exact native price measure and basket level.,https://www.bls.gov/eci,https://www.bls.gov/news.release/eci.nr0.htm,Employment Cost Index
inflation,labor_costs,Not in country dashboard,us-unit-labor-cost,Nonfarm Unit Labor Costs YoY,ULC YoY,US,fred,ULCNFB,quarterly,pct_change_yoy,percent,high,314,1948-01-01,2026-04-01,IMPORTANT,Keep with native label/method.,Direct price-stability input or inflation driver; preserve exact native price measure and basket level.,https://www.bls.gov/lpc,https://www.bls.gov/news.release/prod2.nr0.htm,Productivity and Costs
inflation,pce,Not in country dashboard,us-core-pce-mom,Core PCE Month-over-Month,Core PCE MoM,US,bea,T20804:25,monthly,pct_change_mom,percent,critical,811,1959-02-01,2026-08-01,CORE,Keep with native label/method.,Direct price-stability input or inflation driver; preserve exact native price measure and basket level.,https://www.bea.gov/data/personal-consumption-expenditures-price-index,https://www.bea.gov/news/personal-income,Personal Income and Outlays
inflation,producer_prices,Not in country dashboard,us-import-prices,Import Price Index,Import Prices,US,fred,IR,monthly,pct_change_yoy,percent,high,465,1983-09-01,2026-08-01,IMPORTANT,Keep with native label/method.,Direct price-stability input or inflation driver; preserve exact native price measure and basket level.,https://www.bls.gov/mxp,https://www.bls.gov/news.release/ximpim.nr0.htm,U.S. Import and Export Price Indexes
inflation,producer_prices,Not in country dashboard,us-ppi-core,Core PPI Final Demand,Core PPI,US,bls,WPSFD4131,monthly,pct_change_yoy,percent,high,620,1975-01-01,2026-08-01,IMPORTANT,Keep with native label/method.,Direct price-stability input or inflation driver; preserve exact native price measure and basket level.,https://www.bls.gov/ppi,https://www.bls.gov/news.release/ppi.nr0.htm,Producer Price Index
inflation,producer_prices,Not in country dashboard,us-ppi-final-demand,PPI Final Demand,PPI,US,bls,WPSFD49207,monthly,pct_change_yoy,percent,high,941,1948-04-01,2026-08-01,IMPORTANT,Keep with native label/method.,Direct price-stability input or inflation driver; preserve exact native price measure and basket level.,https://www.bls.gov/ppi,https://www.bls.gov/news.release/ppi.nr0.htm,Producer Price Index
inflation,trimmed_measures,Not in country dashboard,us-cleveland-median-cpi,Cleveland Fed Median CPI YoY,Median CPI,US,fred,MEDCPIM158SFRBCLE,monthly,level,percent,high,524,1983-01-01,2026-08-01,IMPORTANT,Keep with native label/method.,Direct price-stability input or inflation driver; preserve exact native price measure and basket level.,https://www.clevelandfed.org/indicators-and-data/median-cpi,https://www.clevelandfed.org/indicators-and-data/median-cpi,Median CPI
inflation,trimmed_measures,Not in country dashboard,us-cleveland-trimmed-cpi,Cleveland Fed 16% Trimmed-Mean CPI,Trimmed CPI,US,fred,TRMMEANCPIM158SFRBCLE,monthly,level,percent,high,524,1983-01-01,2026-08-01,IMPORTANT,Keep with native label/method.,Direct price-stability input or inflation driver; preserve exact native price measure and basket level.,https://www.clevelandfed.org/indicators-and-data/median-cpi,https://www.clevelandfed.org/indicators-and-data/median-cpi,Trimmed-Mean CPI
inflation,trimmed_measures,Not in country dashboard,us-core-sticky-cpi,Atlanta Fed Core Sticky CPI YoY,Core Sticky CPI,US,fred,CORESTICKM159SFRBATL,monthly,level,percent,high,704,1968-01-01,2026-08-01,IMPORTANT,Keep with native label/method.,Direct price-stability input or inflation driver; preserve exact native price measure and basket level.,https://www.atlantafed.org/research-and-data/data/sticky-price-cpi,https://www.atlantafed.org/research-and-data/data/sticky-price-cpi,Sticky-Price CPI
inflation,trimmed_measures,Not in country dashboard,us-flexible-cpi,Atlanta Fed Flexible CPI YoY,Flexible CPI,US,fred,FLEXCPIM159SFRBATL,monthly,level,percent,medium,704,1968-01-01,2026-08-01,OPTIONAL,Keep with native label/method.,Contextual/supporting indicator; keep subordinate unless a defined policy use case warrants prominence.,https://www.atlantafed.org/chcs/stickyprice,https://www.atlantafed.org/chcs/stickyprice,Flexible-Price CPI
inflation,trimmed_measures,Not in country dashboard,us-sticky-cpi,Atlanta Fed Sticky CPI YoY,Sticky CPI,US,fred,STICKCPIM159SFRBATL,monthly,level,percent,high,704,1968-01-01,2026-08-01,IMPORTANT,Keep with native label/method.,Direct price-stability input or inflation driver; preserve exact native price measure and basket level.,https://www.atlantafed.org/research-and-data/data/sticky-price-cpi,https://www.atlantafed.org/research-and-data/data/sticky-price-cpi,Sticky-Price CPI
inflation,us_cpi_component,inflation › CPI (Headline) › Core CPI / Core Goods / Apparel (component),us-cpi-apparel,CPI — Apparel,Apparel,US,bls,CUSR0000SAA,monthly,level,index,high,955,1947-01-01,2026-08-01,IMPORTANT,Keep with native label/method.,Direct price-stability input or inflation driver; preserve exact native price measure and basket level.,https://www.bls.gov/cpi,https://www.bls.gov/cpi/additional-resources/index-publication-level.htm,Consumer Price Index
inflation,us_cpi_component,inflation › CPI (Headline) › Core CPI / Core Goods / Education & Communication Commodities (component),us-cpi-education-commodities,CPI — Education & Communication Commodities,Education Goods,US,bls,CUSR0000SAEC,monthly,level,index,medium,199,2010-01-01,2026-08-01,TOO GRANULAR,Keep as drilldown.,Valid official detail; retain as drilldown rather than peer-level policy headline.,https://www.bls.gov/cpi,https://www.bls.gov/cpi/additional-resources/index-publication-level.htm,Consumer Price Index
inflation,us_cpi_component,inflation › CPI (Headline) › Core CPI / Core Services / Education & Communication (component),us-cpi-education-services,CPI — Education & Communication Services,Education Services,US,bls,CUSR0000SAES,monthly,level,index,medium,199,2010-01-01,2026-08-01,TOO GRANULAR,Keep as drilldown.,Valid official detail; retain as drilldown rather than peer-level policy headline.,https://www.bls.gov/cpi,https://www.bls.gov/cpi/additional-resources/index-publication-level.htm,Consumer Price Index
inflation,us_cpi_component,inflation › CPI (Headline) › Energy (component),us-cpi-energy,CPI — Energy,Energy,US,bls,CUSR0000SA0E,monthly,level,index,high,835,1957-01-01,2026-08-01,IMPORTANT,Keep with native label/method.,Direct price-stability input or inflation driver; preserve exact native price measure and basket level.,https://www.bls.gov/cpi,https://www.bls.gov/cpi/additional-resources/cpi-item-aggregation.htm,Consumer Price Index
inflation,us_cpi_component,inflation › CPI (Headline) › Food (component),us-cpi-food,CPI — Food,Food,US,bls,CUSR0000SAF1,monthly,level,index,high,955,1947-01-01,2026-08-01,IMPORTANT,Keep with native label/method.,Direct price-stability input or inflation driver; preserve exact native price measure and basket level.,https://www.bls.gov/cpi,https://www.bls.gov/cpi/additional-resources/cpi-item-aggregation.htm,Consumer Price Index
inflation,us_cpi_component,inflation › CPI (Headline) › Core CPI / Core Goods / Medical Care Commodities (component),us-cpi-medical-commodities,CPI — Medical Care Commodities,Medical Goods,US,bls,CUSR0000SAM1,monthly,level,index,high,715,1967-01-01,2026-08-01,IMPORTANT,Keep with native label/method.,Direct price-stability input or inflation driver; preserve exact native price measure and basket level.,https://www.bls.gov/cpi,https://www.bls.gov/cpi/additional-resources/index-publication-level.htm,Consumer Price Index
inflation,us_cpi_component,inflation › CPI (Headline) › Core CPI / Core Services / Medical Care (component),us-cpi-medical-services,CPI — Medical Care Services,Medical Services,US,bls,CUSR0000SAM2,monthly,level,index,high,847,1956-01-01,2026-08-01,IMPORTANT,Keep with native label/method.,Direct price-stability input or inflation driver; preserve exact native price measure and basket level.,https://www.bls.gov/cpi,https://www.bls.gov/cpi/additional-resources/index-publication-level.htm,Consumer Price Index
inflation,us_cpi_component,inflation › CPI (Headline) › Core CPI / Core Goods / New Vehicles (component),us-cpi-new-vehicles,CPI — New Vehicles,New Vehicles,US,bls,CUSR0000SETA01,monthly,level,index,high,884,1953-01-01,2026-08-01,IMPORTANT,Keep with native label/method.,Direct price-stability input or inflation driver; preserve exact native price measure and basket level.,https://www.bls.gov/cpi,https://www.bls.gov/cpi/additional-resources/cpi-item-aggregation.htm,Consumer Price Index
inflation,us_cpi_component,inflation › CPI (Headline) › Core CPI / Core Goods / Other Core Goods (component),us-cpi-other-goods,CPI — Other Goods,Other Goods,US,bls,CUSR0000SAGC,monthly,level,index,medium,199,2010-01-01,2026-08-01,TOO GRANULAR,Keep as drilldown.,Valid official detail; retain as drilldown rather than peer-level policy headline.,https://www.bls.gov/cpi,https://www.bls.gov/cpi/additional-resources/index-publication-level.htm,Consumer Price Index
inflation,us_cpi_component,inflation › CPI (Headline) › Core CPI / Core Services / Other Services (component),us-cpi-other-services,CPI — Other Services,Other Services,US,bls,CUSR0000SAS367,monthly,level,index,medium,715,1967-01-01,2026-08-01,TOO GRANULAR,Keep as drilldown.,Valid official detail; retain as drilldown rather than peer-level policy headline.,https://www.bls.gov/cpi,https://www.bls.gov/cpi/additional-resources/index-publication-level.htm,Consumer Price Index
inflation,us_cpi_component,inflation › CPI (Headline) › Core CPI / Core Goods / Recreation Commodities (component),us-cpi-recreation-commodities,CPI — Recreation Commodities,Recreation Goods,US,bls,CUSR0000SARC,monthly,level,index,high,199,2010-01-01,2026-08-01,IMPORTANT,Keep with native label/method.,Direct price-stability input or inflation driver; preserve exact native price measure and basket level.,https://www.bls.gov/cpi,https://www.bls.gov/cpi/additional-resources/index-publication-level.htm,Consumer Price Index
inflation,us_cpi_component,inflation › CPI (Headline) › Core CPI / Core Services / Recreation Services (component),us-cpi-recreation-services,CPI — Recreation Services,Recreation Services,US,bls,CUSR0000SARS,monthly,level,index,high,199,2010-01-01,2026-08-01,IMPORTANT,Keep with native label/method.,Direct price-stability input or inflation driver; preserve exact native price measure and basket level.,https://www.bls.gov/cpi,https://www.bls.gov/cpi/additional-resources/index-publication-level.htm,Consumer Price Index
inflation,us_cpi_component,inflation › CPI (Headline) › Core CPI / Core Services / Shelter (component),us-cpi-shelter,CPI — Shelter,Shelter,US,bls,CUSR0000SAH1,monthly,level,index,critical,883,1953-01-01,2026-08-01,CORE,Keep with native label/method.,Direct price-stability input or inflation driver; preserve exact native price measure and basket level.,https://www.bls.gov/cpi,https://www.bls.gov/cpi/additional-resources/index-publication-level.htm,Consumer Price Index
inflation,us_cpi_component,inflation › CPI (Headline) › Core CPI / Core Services / Transportation Services (component),us-cpi-transport-services,CPI — Transportation Services,Transport Services,US,bls,CUSR0000SAS4,monthly,level,index,high,847,1956-01-01,2026-08-01,IMPORTANT,Keep with native label/method.,Direct price-stability input or inflation driver; preserve exact native price measure and basket level.,https://www.bls.gov/cpi,https://www.bls.gov/cpi/additional-resources/index-publication-level.htm,Consumer Price Index
inflation,us_cpi_component,inflation › CPI (Headline) › Core CPI / Core Goods / Used Cars & Trucks (component),us-cpi-used-cars,CPI — Used Cars and Trucks,Used Cars,US,bls,CUSR0000SETA02,monthly,level,index,high,884,1953-01-01,2026-08-01,IMPORTANT,Keep with native label/method.,Direct price-stability input or inflation driver; preserve exact native price measure and basket level.,https://www.bls.gov/cpi,https://www.bls.gov/cpi/additional-resources/cpi-item-aggregation.htm,Consumer Price Index
inflation,us_inflation_core,Not in country dashboard,us-core-goods-cpi-mom,CPI — Core Goods MoM,Core CPI Goods MoM,US,bls,CUSR0000SACL1E,monthly,pct_change_mom,percent,high,834,1957-02-01,2026-08-01,IMPORTANT,Keep with native label/method.,Direct price-stability input or inflation driver; preserve exact native price measure and basket level.,https://www.bls.gov/cpi,https://www.bls.gov/news.release/cpi.nr0.htm,Consumer Price Index
inflation,us_inflation_core,Not in country dashboard,us-core-goods-cpi-yoy,CPI — Core Goods,Core CPI Goods,US,bls,CUSR0000SACL1E,monthly,pct_change_yoy,percent,high,823,1958-01-01,2026-08-01,IMPORTANT,Keep with native label/method.,Direct price-stability input or inflation driver; preserve exact native price measure and basket level.,https://www.bls.gov/cpi,https://www.bls.gov/news.release/cpi.nr0.htm,Consumer Price Index
inflation,us_inflation_core,inflation › Core PCE (root),us-core-pce,PCE — Core Price Index,Core PCE,US,bea,T20804:25,monthly,level,index,critical,812,1959-01-01,2026-08-01,CORE,Keep with native label/method.,Direct price-stability input or inflation driver; preserve exact native price measure and basket level.,https://www.bea.gov/data/personal-consumption-expenditures-price-index-excluding-food-and-energy,https://www.bea.gov/news/personal-income,Personal Income and Outlays
inflation,us_inflation_core,inflation › CPI (Headline) (root),us-cpi,CPI — Headline Index,CPI Headline,US,bls,CUSR0000SA0,monthly,level,index,critical,403,1947-01-01,2026-08-01,CORE,Keep with native label/method.,Direct price-stability input or inflation driver; preserve exact native price measure and basket level.,https://www.bls.gov/cpi,https://www.bls.gov/news.release/cpi.nr0.htm,Consumer Price Index
inflation,us_inflation_core,inflation › Core CPI (root),us-cpi-core,CPI — Core Index,Core CPI,US,bls,CUSR0000SA0L1E,monthly,level,index,critical,835,1957-01-01,2026-08-01,CORE,Keep with native label/method.,Direct price-stability input or inflation driver; preserve exact native price measure and basket level.,https://www.bls.gov/cpi,https://www.bls.gov/news.release/cpi.nr0.htm,Consumer Price Index
inflation,us_inflation_core,Not in country dashboard,us-cpi-mom,CPI — Headline MoM,CPI Headline MoM,US,bls,CUSR0000SA0,monthly,pct_change_mom,percent,critical,42,2023-02-01,2026-08-01,CORE,Keep with native label/method.,Direct price-stability input or inflation driver; preserve exact native price measure and basket level.,https://www.bls.gov/cpi,https://www.bls.gov/news.release/cpi.nr0.htm,Consumer Price Index
inflation,us_inflation_core,inflation › PCE (Headline) (root),us-pce,PCE — Headline Price Index,PCE Headline,US,bea,T20804:1,monthly,level,index,critical,812,1959-01-01,2026-08-01,CORE,Keep with native label/method.,Direct price-stability input or inflation driver; preserve exact native price measure and basket level.,https://www.bea.gov/data/personal-consumption-expenditures-price-index,https://www.bea.gov/news/personal-income,Personal Income and Outlays
inflation,us_inflation_core,Not in country dashboard,us-services-cpi-mom,CPI — Core Services MoM,Core CPI Services MoM,US,bls,CUSR0000SASLE,monthly,pct_change_mom,percent,critical,714,1967-02-01,2026-08-01,CORE,Keep with native label/method.,Direct price-stability input or inflation driver; preserve exact native price measure and basket level.,https://www.bls.gov/cpi,https://www.bls.gov/news.release/cpi.nr0.htm,Consumer Price Index
inflation,us_inflation_core,Not in country dashboard,us-services-cpi-yoy,CPI — Core Services,Core CPI Services,US,bls,CUSR0000SASLE,monthly,pct_change_yoy,percent,critical,703,1968-01-01,2026-08-01,CORE,Keep with native label/method.,Direct price-stability input or inflation driver; preserve exact native price measure and basket level.,https://www.bls.gov/cpi,https://www.bls.gov/news.release/cpi.nr0.htm,Consumer Price Index
inflation,us_inflation_support,Not in country dashboard,us-cpi-core-nsa,CPI — Core Index (NSA),Core CPI NSA,US,bls,CUUR0000SA0L1E,monthly,level,index,supporting,835,1957-01-01,2026-08-01,SUPPORTING,Keep with native label/method.,Direct price-stability input or inflation driver; preserve exact native price measure and basket level.,https://www.bls.gov/cpi,https://www.bls.gov/news.release/cpi.nr0.htm,Consumer Price Index
inflation,us_inflation_support,Not in country dashboard,us-cpi-nsa,CPI — Headline Index (NSA),CPI Headline NSA,US,bls,CUUR0000SA0,monthly,level,index,supporting,955,1947-01-01,2026-08-01,SUPPORTING,Keep with native label/method.,Direct price-stability input or inflation driver; preserve exact native price measure and basket level.,https://www.bls.gov/cpi,https://www.bls.gov/news.release/cpi.nr0.htm,Consumer Price Index
inflation,us_pce_component,inflation › PCE (Headline) › Goods / Clothing & Footwear (component),us-pce-clothing,PCE — Clothing & Footwear,Clothing,US,bea,T20804:10,monthly,level,index,medium,812,1959-01-01,2026-08-01,TOO GRANULAR,Keep as drilldown.,Valid official detail; retain as drilldown rather than peer-level policy headline.,https://www.bea.gov/data/personal-consumption-expenditures-price-index,https://www.bea.gov/news/personal-income,Personal Income and Outlays
inflation,us_pce_component,inflation › PCE (Headline) › Goods / Durable Goods (component),us-pce-durable-goods,PCE — Durable Goods,Durable Goods,US,bea,T20804:3,monthly,level,index,medium,812,1959-01-01,2026-08-01,TOO GRANULAR,Keep as drilldown.,Valid official detail; retain as drilldown rather than peer-level policy headline.,https://www.bea.gov/data/personal-consumption-expenditures-price-index,https://www.bea.gov/news/personal-income,Personal Income and Outlays
inflation,us_pce_component,inflation › PCE (Headline) › Gasoline & Other Energy Goods (component),us-pce-energy,PCE — Gasoline & Other Energy Goods,Energy Goods,US,bea,T20804:11,monthly,level,index,high,812,1959-01-01,2026-08-01,IMPORTANT,Keep with native label/method.,Direct price-stability input or inflation driver; preserve exact native price measure and basket level.,https://www.bea.gov/data/personal-consumption-expenditures-price-index,https://www.bea.gov/news/personal-income,Personal Income and Outlays
inflation,us_pce_component,inflation › PCE (Headline) › Food & Beverages (component),us-pce-food,PCE — Food & Beverages,Food,US,bea,T20804:9,monthly,level,index,high,812,1959-01-01,2026-08-01,IMPORTANT,Keep with native label/method.,Direct price-stability input or inflation driver; preserve exact native price measure and basket level.,https://www.bea.gov/data/personal-consumption-expenditures-price-index,https://www.bea.gov/news/personal-income,Personal Income and Outlays
inflation,us_pce_component,inflation › PCE (Headline) › Services / Food Services & Accommodations (component),us-pce-food-services,PCE — Food Services & Accommodations,Food Services,US,bea,T20804:19,monthly,level,index,high,812,1959-01-01,2026-08-01,IMPORTANT,Keep with native label/method.,Direct price-stability input or inflation driver; preserve exact native price measure and basket level.,https://www.bea.gov/data/personal-consumption-expenditures-price-index,https://www.bea.gov/news/personal-income,Personal Income and Outlays
inflation,us_pce_component,inflation › PCE (Headline) › Goods / Furnishings & Durable Household Equipment (component),us-pce-furnishings,PCE — Furnishings & Durable Household Equipment,Furnishings,US,bea,T20804:5,monthly,level,index,medium,812,1959-01-01,2026-08-01,TOO GRANULAR,Keep as drilldown.,Valid official detail; retain as drilldown rather than peer-level policy headline.,https://www.bea.gov/data/personal-consumption-expenditures-price-index,https://www.bea.gov/news/personal-income,Personal Income and Outlays
inflation,us_pce_component,inflation › PCE (Headline) › Goods (component),us-pce-goods,PCE — Goods,Goods,US,bea,T20804:2,monthly,level,index,high,812,1959-01-01,2026-08-01,IMPORTANT,Keep with native label/method.,Direct price-stability input or inflation driver; preserve exact native price measure and basket level.,https://www.bea.gov/data/personal-consumption-expenditures-price-index,https://www.bea.gov/news/personal-income,Personal Income and Outlays
inflation,us_pce_component,inflation › PCE (Headline) › Services / Health Care (component),us-pce-healthcare,PCE — Health Care,Health Care,US,bea,T20804:16,monthly,level,index,high,812,1959-01-01,2026-08-01,IMPORTANT,Keep with native label/method.,Direct price-stability input or inflation driver; preserve exact native price measure and basket level.,https://www.bea.gov/data/personal-consumption-expenditures-price-index,https://www.bea.gov/news/personal-income,Personal Income and Outlays
inflation,us_pce_component,inflation › PCE (Headline) › Services / Household Services (component),us-pce-household-services,PCE — Household Services,Household Services,US,bea,T20804:14,monthly,level,index,medium,812,1959-01-01,2026-08-01,TOO GRANULAR,Keep as drilldown.,Valid official detail; retain as drilldown rather than peer-level policy headline.,https://www.bea.gov/data/personal-consumption-expenditures-price-index,https://www.bea.gov/news/personal-income,Personal Income and Outlays
inflation,us_pce_component,inflation › PCE (Headline) › Services / Housing (component),us-pce-housing,PCE — Housing,Housing,US,bea,T20804:29,monthly,level,index,critical,812,1959-01-01,2026-08-01,CORE,Keep with native label/method.,Direct price-stability input or inflation driver; preserve exact native price measure and basket level.,https://www.bea.gov/data/personal-consumption-expenditures-price-index,https://www.bea.gov/news/personal-income,Personal Income and Outlays
inflation,us_pce_component,inflation › PCE (Headline) › Services (component),us-pce-services,PCE — Services,Services,US,bea,T20804:13,monthly,level,index,high,812,1959-01-01,2026-08-01,IMPORTANT,Keep with native label/method.,Direct price-stability input or inflation driver; preserve exact native price measure and basket level.,https://www.bea.gov/data/personal-consumption-expenditures-price-index,https://www.bea.gov/news/personal-income,Personal Income and Outlays
growth,activity,Not in country dashboard,us-cfnai,Chicago Fed National Activity Index,CFNAI,US,fred,CFNAI,monthly,level,index,medium,714,1967-03-01,2026-08-01,OPTIONAL,Keep with native label/method.,Contextual/supporting indicator; keep subordinate unless a defined policy use case warrants prominence.,https://www.chicagofed.org/research/data/cfnai/current-data,https://www.chicagofed.org/research/data/cfnai/current-data,CFNAI
growth,demand,Not in country dashboard,us-durable-goods,Durable Goods Orders MoM,Durables,US,fred,DGORDER,monthly,pct_change_mom,percent,high,414,1992-03-01,2026-08-01,IMPORTANT,Keep with native label/method.,"Activity, expenditure, production or demand evidence; distinguish level, rate, contribution and survey.",https://www.census.gov/manufacturing/m3/index.html,https://www.census.gov/manufacturing/m3/adv/pdf/durgd.pdf,Advance Report on Durable Goods
growth,demand,Not in country dashboard,us-manufacturers-new-orders,Manufacturers New Orders MoM,New Orders,US,fred,NEWORDER,monthly,pct_change_mom,percent,high,414,1992-03-01,2026-08-01,IMPORTANT,Keep with native label/method.,"Activity, expenditure, production or demand evidence; distinguish level, rate, contribution and survey.",https://www.census.gov/manufacturing/m3/index.html,https://www.census.gov/manufacturing/m3/index.html,"Manufacturers' Shipments, Inventories, and Orders"
growth,demand,Not in country dashboard,us-personal-spending,Real Personal Consumption MoM,Real PCE MoM,US,bea,T20600:1,monthly,pct_change_mom,percent,high,811,1959-02-01,2026-08-01,IMPORTANT,Keep with native label/method.,"Activity, expenditure, production or demand evidence; distinguish level, rate, contribution and survey.",https://www.bea.gov/data/personal-consumption-expenditures,https://www.bea.gov/news/personal-income,Personal Income and Outlays
growth,demand,Not in country dashboard,us-retail-sales,Retail Sales MoM,Retail Sales,US,fred,RSAFS,monthly,pct_change_mom,percent,critical,415,1992-02-01,2026-08-01,CORE,Keep with native label/method.,"Activity, expenditure, production or demand evidence; distinguish level, rate, contribution and survey.",https://www.census.gov/retail/index.html,https://www.census.gov/retail/marts/www/marts_current.pdf,Advance Monthly Retail Trade
growth,demand,Not in country dashboard,us-retail-sales-ex-auto,Retail Sales ex Auto MoM,Retail ex Auto,US,fred,RSFSXMV,monthly,pct_change_mom,percent,high,415,1992-02-01,2026-08-01,IMPORTANT,Keep with native label/method.,"Activity, expenditure, production or demand evidence; distinguish level, rate, contribution and survey.",https://www.census.gov/retail/index.html,https://www.census.gov/retail/marts/www/marts_current.pdf,Advance Monthly Retail Trade
growth,gdp,Not in country dashboard,us-gdp-now,Atlanta Fed GDPNow,GDPNow,US,fred,GDPNOW,quarterly,level,percent,critical,61,2011-07-01,2026-07-01,CORE,Keep with native label/method.,"Activity, expenditure, production or demand evidence; distinguish level, rate, contribution and survey.",https://www.atlantafed.org/cqer/research/gdpnow,https://www.atlantafed.org/cqer/research/gdpnow,GDPNow
growth,gdp,growth › Real GDP (root),us-gdp-real,Real GDP (QoQ SAAR),Real GDP,US,bea,T10101:1,quarterly,published_rate,percent,critical,270,1959-01-01,2026-04-01,CORE,Keep with native label/method.,"Activity, expenditure, production or demand evidence; distinguish level, rate, contribution and survey.",https://www.bea.gov/data/gdp,https://www.bea.gov/news/gross-domestic-product,Gross Domestic Product
growth,government,growth › Government Consumption & Investment › Government / Federal / National Defense (component),us-real-defense,Real National Defense,National Defense,US,bea,T10106:24,quarterly,level,index,high,78,2007-01-01,2026-04-01,IMPORTANT,Keep with native label/method.,"Activity, expenditure, production or demand evidence; distinguish level, rate, contribution and survey.",https://www.bea.gov/data/gdp/gross-domestic-product,https://www.bea.gov/news/gdp-release-additional-information,GDP
growth,government,growth › Government Consumption & Investment › Government / Federal (component),us-real-federal-government,Real Federal Government,Federal,US,bea,T10106:23,quarterly,level,index,high,78,2007-01-01,2026-04-01,IMPORTANT,Keep with native label/method.,"Activity, expenditure, production or demand evidence; distinguish level, rate, contribution and survey.",https://www.bea.gov/data/gdp/gross-domestic-product,https://www.bea.gov/news/gdp-release-additional-information,GDP
growth,government,growth › Government Consumption & Investment (root),us-real-government,Real Government Consumption and Investment,Government,US,bea,T10106:22,quarterly,level,index,critical,270,1959-01-01,2026-04-01,CORE,Keep with native label/method.,"Activity, expenditure, production or demand evidence; distinguish level, rate, contribution and survey.",https://www.bea.gov/data/gdp/gross-domestic-product,https://www.bea.gov/news/gdp-release-additional-information,GDP
growth,government,growth › Government Consumption & Investment › Government / Federal / Nondefense (component),us-real-nondefense,Real Federal Nondefense,Nondefense,US,bea,T10106:25,quarterly,level,index,high,78,2007-01-01,2026-04-01,IMPORTANT,Keep with native label/method.,"Activity, expenditure, production or demand evidence; distinguish level, rate, contribution and survey.",https://www.bea.gov/data/gdp/gross-domestic-product,https://www.bea.gov/news/gdp-release-additional-information,GDP
growth,government,growth › Government Consumption & Investment › Government / State & Local (component),us-real-state-local,Real State and Local Government,State & Local,US,bea,T10106:26,quarterly,level,index,high,78,2007-01-01,2026-04-01,IMPORTANT,Keep with native label/method.,"Activity, expenditure, production or demand evidence; distinguish level, rate, contribution and survey.",https://www.bea.gov/data/gdp/gross-domestic-product,https://www.bea.gov/news/gdp-release-additional-information,GDP
growth,housing,Not in country dashboard,us-building-permits,Building Permits,Permits,US,fred,PERMIT,monthly,level,thousands,high,800,1960-01-01,2026-08-01,IMPORTANT,Keep with native label/method.,"Activity, expenditure, production or demand evidence; distinguish level, rate, contribution and survey.",https://www.census.gov/construction/nrc/index.html,https://www.census.gov/construction/nrc/pdf/newresconst.pdf,New Residential Construction
growth,housing,Not in country dashboard,us-housing-starts,Housing Starts,Starts,US,fred,HOUST,monthly,level,thousands,high,812,1959-01-01,2026-08-01,IMPORTANT,Keep with native label/method.,"Activity, expenditure, production or demand evidence; distinguish level, rate, contribution and survey.",https://www.census.gov/construction/nrc/index.html,https://www.census.gov/construction/nrc/pdf/newresconst.pdf,New Residential Construction
growth,investment,growth › Gross Private Domestic Investment › Fixed Investment / Nonresidential / Equipment (component),us-real-equipment,Real Equipment Investment,Equipment,US,bea,T10106:11,quarterly,level,index,high,78,2007-01-01,2026-04-01,IMPORTANT,Keep with native label/method.,"Activity, expenditure, production or demand evidence; distinguish level, rate, contribution and survey.",https://www.bea.gov/data/gdp/gross-domestic-product,https://www.bea.gov/news/gdp-release-additional-information,GDP
growth,investment,growth › Gross Private Domestic Investment › Fixed Investment (component),us-real-fixed-investment,Real Fixed Investment,Fixed Investment,US,bea,T10106:8,quarterly,level,index,high,78,2007-01-01,2026-04-01,IMPORTANT,Keep with native label/method.,"Activity, expenditure, production or demand evidence; distinguish level, rate, contribution and survey.",https://www.bea.gov/data/gdp/gross-domestic-product,https://www.bea.gov/news/gdp-release-additional-information,GDP
growth,investment,growth › Gross Private Domestic Investment › Change in Private Inventories (component),us-real-inventories,Change in Private Inventories,Inventories,US,bea,T10106:14,quarterly,level,index,high,270,1959-01-01,2026-04-01,IMPORTANT,Keep with native label/method.,"Activity, expenditure, production or demand evidence; distinguish level, rate, contribution and survey.",https://www.bea.gov/data/gdp/gross-domestic-product,https://www.bea.gov/news/gdp-release-additional-information,GDP
growth,investment,growth › Gross Private Domestic Investment › Fixed Investment / Nonresidential / Intellectual Property Products (component),us-real-ipp,Real Intellectual Property Products Investment,Intellectual Property,US,bea,T10106:12,quarterly,level,index,high,78,2007-01-01,2026-04-01,IMPORTANT,Keep with native label/method.,"Activity, expenditure, production or demand evidence; distinguish level, rate, contribution and survey.",https://www.bea.gov/data/gdp/gross-domestic-product,https://www.bea.gov/news/gdp-release-additional-information,GDP
growth,investment,growth › Gross Private Domestic Investment › Fixed Investment / Nonresidential (component),us-real-nonresidential-investment,Real Nonresidential Investment,Nonresidential,US,bea,T10106:9,quarterly,level,index,high,78,2007-01-01,2026-04-01,IMPORTANT,Keep with native label/method.,"Activity, expenditure, production or demand evidence; distinguish level, rate, contribution and survey.",https://www.bea.gov/data/gdp/gross-domestic-product,https://www.bea.gov/news/gdp-release-additional-information,GDP
growth,investment,growth › Gross Private Domestic Investment (root),us-real-private-investment,Real Gross Private Domestic Investment,Private Investment,US,bea,T10106:7,quarterly,level,index,critical,270,1959-01-01,2026-04-01,CORE,Keep with native label/method.,"Activity, expenditure, production or demand evidence; distinguish level, rate, contribution and survey.",https://www.bea.gov/data/gdp/gross-domestic-product,https://www.bea.gov/news/gdp-release-additional-information,GDP
growth,investment,growth › Gross Private Domestic Investment › Fixed Investment / Residential (component),us-real-residential-investment,Real Residential Investment,Residential,US,bea,T10106:13,quarterly,level,index,high,78,2007-01-01,2026-04-01,IMPORTANT,Keep with native label/method.,"Activity, expenditure, production or demand evidence; distinguish level, rate, contribution and survey.",https://www.bea.gov/data/gdp/gross-domestic-product,https://www.bea.gov/news/gdp-release-additional-information,GDP
growth,investment,growth › Gross Private Domestic Investment › Fixed Investment / Nonresidential / Structures (component),us-real-structures,Real Structures Investment,Structures,US,bea,T10106:10,quarterly,level,index,high,78,2007-01-01,2026-04-01,IMPORTANT,Keep with native label/method.,"Activity, expenditure, production or demand evidence; distinguish level, rate, contribution and survey.",https://www.bea.gov/data/gdp/gross-domestic-product,https://www.bea.gov/news/gdp-release-additional-information,GDP
growth,net_trade,growth › Net Exports › Exports / Goods (component),us-real-export-goods,Real Exports of Goods,Export Goods,US,bea,T10106:17,quarterly,level,index,high,226,1970-01-01,2026-04-01,IMPORTANT,Keep with native label/method.,"Activity, expenditure, production or demand evidence; distinguish level, rate, contribution and survey.",https://www.bea.gov/data/gdp/gross-domestic-product,https://www.bea.gov/news/gdp-release-additional-information,GDP
growth,net_trade,growth › Net Exports › Exports / Services (component),us-real-export-services,Real Exports of Services,Export Services,US,bea,T10106:18,quarterly,level,index,high,226,1970-01-01,2026-04-01,IMPORTANT,Keep with native label/method.,"Activity, expenditure, production or demand evidence; distinguish level, rate, contribution and survey.",https://www.bea.gov/data/gdp/gross-domestic-product,https://www.bea.gov/news/gdp-release-additional-information,GDP
growth,net_trade,growth › Net Exports › Exports (component),us-real-exports,Real Exports,Exports,US,bea,T10106:16,quarterly,level,index,high,270,1959-01-01,2026-04-01,IMPORTANT,Keep with native label/method.,"Activity, expenditure, production or demand evidence; distinguish level, rate, contribution and survey.",https://www.bea.gov/data/gdp/gross-domestic-product,https://www.bea.gov/news/gdp-release-additional-information,GDP
growth,net_trade,growth › Net Exports › Imports / Goods (component),us-real-import-goods,Real Imports of Goods,Import Goods,US,bea,T10106:20,quarterly,level,index,high,226,1970-01-01,2026-04-01,IMPORTANT,Keep with native label/method.,"Activity, expenditure, production or demand evidence; distinguish level, rate, contribution and survey.",https://www.bea.gov/data/gdp/gross-domestic-product,https://www.bea.gov/news/gdp-release-additional-information,GDP
growth,net_trade,growth › Net Exports › Imports / Services (component),us-real-import-services,Real Imports of Services,Import Services,US,bea,T10106:21,quarterly,level,index,high,226,1970-01-01,2026-04-01,IMPORTANT,Keep with native label/method.,"Activity, expenditure, production or demand evidence; distinguish level, rate, contribution and survey.",https://www.bea.gov/data/gdp/gross-domestic-product,https://www.bea.gov/news/gdp-release-additional-information,GDP
growth,net_trade,growth › Net Exports › Imports (component),us-real-imports,Real Imports,Imports,US,bea,T10106:19,quarterly,level,index,high,270,1959-01-01,2026-04-01,IMPORTANT,Keep with native label/method.,"Activity, expenditure, production or demand evidence; distinguish level, rate, contribution and survey.",https://www.bea.gov/data/gdp/gross-domestic-product,https://www.bea.gov/news/gdp-release-additional-information,GDP
growth,net_trade,growth › Net Exports (root),us-real-net-exports,Real Net Exports of Goods and Services,Net Exports,US,bea,T10106:15,quarterly,level,index,critical,226,1970-01-01,2026-04-01,CORE,Keep with native label/method.,"Activity, expenditure, production or demand evidence; distinguish level, rate, contribution and survey.",https://www.bea.gov/data/gdp/gross-domestic-product,https://www.bea.gov/news/gdp-release-additional-information,GDP
growth,personal_consumption,growth › Personal Consumption › Goods / Durable Goods (component),us-real-pce-durable-goods,Real PCE Durable Goods,Durable Goods,US,bea,T10106:4,quarterly,level,index,high,78,2007-01-01,2026-04-01,IMPORTANT,Keep with native label/method.,"Activity, expenditure, production or demand evidence; distinguish level, rate, contribution and survey.",https://www.bea.gov/data/gdp/gross-domestic-product,https://www.bea.gov/data/consumer-spending/main,GDP
growth,personal_consumption,growth › Personal Consumption › Goods (component),us-real-pce-goods,Real PCE Goods,PCE Goods,US,bea,T10106:3,quarterly,level,index,high,78,2007-01-01,2026-04-01,IMPORTANT,Keep with native label/method.,"Activity, expenditure, production or demand evidence; distinguish level, rate, contribution and survey.",https://www.bea.gov/data/gdp/gross-domestic-product,https://www.bea.gov/data/consumer-spending/main,GDP
growth,personal_consumption,growth › Personal Consumption (root),us-real-pce-growth,Real Personal Consumption Expenditures,Real PCE,US,bea,T10106:2,quarterly,level,index,critical,270,1959-01-01,2026-04-01,CORE,Keep with native label/method.,"Activity, expenditure, production or demand evidence; distinguish level, rate, contribution and survey.",https://www.bea.gov/data/gdp/gross-domestic-product,https://www.bea.gov/data/consumer-spending/main,GDP
growth,personal_consumption,growth › Personal Consumption › Goods / Nondurable Goods (component),us-real-pce-nondurable-goods,Real PCE Nondurable Goods,Nondurable Goods,US,bea,T10106:5,quarterly,level,index,high,78,2007-01-01,2026-04-01,IMPORTANT,Keep with native label/method.,"Activity, expenditure, production or demand evidence; distinguish level, rate, contribution and survey.",https://www.bea.gov/data/gdp/gross-domestic-product,https://www.bea.gov/data/consumer-spending/main,GDP
growth,personal_consumption,growth › Personal Consumption › Services (component),us-real-pce-services,Real PCE Services,PCE Services,US,bea,T10106:6,quarterly,level,index,high,78,2007-01-01,2026-04-01,IMPORTANT,Keep with native label/method.,"Activity, expenditure, production or demand evidence; distinguish level, rate, contribution and survey.",https://www.bea.gov/data/gdp/gross-domestic-product,https://www.bea.gov/data/consumer-spending/main,GDP
growth,pmi,Not in country dashboard,us-dallas-fed-activity,Dallas Fed Business Activity Index,Dallas Activity,US,fred,BACTSAMFRBDAL,monthly,level,index,high,268,2004-06-01,2026-09-01,IMPORTANT,Keep with native label/method.,"Activity, expenditure, production or demand evidence; distinguish level, rate, contribution and survey.",https://www.dallasfed.org/research/surveys/tssb,https://www.dallasfed.org/research/surveys/tssb,Texas Business Outlook Surveys
growth,pmi,Not in country dashboard,us-empire-state,NY Fed Empire State Manufacturing Index,Empire State,US,fred,GACDISA066MSFRBNY,monthly,level,index,critical,303,2001-07-01,2026-09-01,CORE,Keep with native label/method.,"Activity, expenditure, production or demand evidence; distinguish level, rate, contribution and survey.",https://www.newyorkfed.org/survey/empire/empiresurvey_overview,https://www.newyorkfed.org/survey/empire/empiresurvey_overview,Empire State Manufacturing Survey
growth,pmi,growth › PMI (root),us-ism-manufacturing-pmi,US ISM Manufacturing PMI,ISM Manufacturing,US,pmi_scrape,ISM_MANUFACTURING_PMI,monthly,level,index,critical,0,,,SUPPORTING,Supporting private survey; zero observations.,"Private survey signal, not official statistical series; all configured PMI rows currently have no observations.",https://www.ismworld.org/supply-management-news-and-reports/reports/ism-pmi-reports/,https://www.ismworld.org/supply-management-news-and-reports/reports/ism-pmi-reports/,ISM Manufacturing PMI
growth,pmi,growth › PMI › ISM Services (component),us-ism-services-pmi,US ISM Services PMI,ISM Services,US,pmi_scrape,ISM_SERVICES_PMI,monthly,level,index,critical,0,,,SUPPORTING,Supporting private survey; zero observations.,"Private survey signal, not official statistical series; all configured PMI rows currently have no observations.",https://www.ismworld.org/supply-management-news-and-reports/reports/ism-pmi-reports/,https://www.ismworld.org/supply-management-news-and-reports/reports/ism-pmi-reports/,ISM Services PMI
growth,pmi,growth › PMI › S&P Global Manufacturing (component),us-sp-global-manufacturing-pmi,US S&P Global Manufacturing PMI,S&P Manufacturing,US,pmi_scrape,SP_GLOBAL_US_MANUFACTURING_PMI,monthly,level,index,high,0,,,SUPPORTING,Supporting private survey; zero observations.,"Private survey signal, not official statistical series; all configured PMI rows currently have no observations.",https://www.pmi.spglobal.com/PUBLIC/HOME?language=en,https://www.pmi.spglobal.com/public/release/pressreleases?language=en,S&P Global PMI
growth,pmi,growth › PMI › S&P Global Services (component),us-sp-global-services-pmi,US S&P Global Services PMI,S&P Services,US,pmi_scrape,SP_GLOBAL_US_SERVICES_PMI,monthly,level,index,high,0,,,SUPPORTING,Supporting private survey; zero observations.,"Private survey signal, not official statistical series; all configured PMI rows currently have no observations.",https://www.pmi.spglobal.com/PUBLIC/HOME?language=en,https://www.pmi.spglobal.com/public/release/pressreleases?language=en,S&P Global PMI
growth,production,Not in country dashboard,us-capacity-utilization,Capacity Utilization,Cap Util,US,fred,TCU,monthly,level,percent,medium,716,1967-01-01,2026-08-01,OPTIONAL,Keep with native label/method.,Contextual/supporting indicator; keep subordinate unless a defined policy use case warrants prominence.,https://www.federalreserve.gov/releases/g17/,https://www.federalreserve.gov/releases/g17/current/default.htm,Industrial Production and Capacity Utilization
growth,production,Not in country dashboard,us-industrial-production,Industrial Production YoY,IP YoY,US,fred,INDPRO,monthly,pct_change_yoy,percent,high,1280,1920-01-01,2026-08-01,IMPORTANT,Keep with native label/method.,"Activity, expenditure, production or demand evidence; distinguish level, rate, contribution and survey.",https://www.federalreserve.gov/releases/g17/,https://www.federalreserve.gov/releases/g17/current/default.htm,Industrial Production and Capacity Utilization
growth,retail,growth › Retail Sales › Food & Beverage (component),us-retail-food-beverage,US Retail Sales — Food & Beverage,Food & Beverage,US,census,445,monthly,pct_change_mom,percent,high,79,2020-02-01,2026-08-01,IMPORTANT,Keep with native label/method.,"Activity, expenditure, production or demand evidence; distinguish level, rate, contribution and survey.",https://www.census.gov/retail/marts/www/timeseries.html,https://api.census.gov/data/timeseries/eits/mrts,Monthly Retail Trade and Food Services
growth,retail,growth › Retail Sales › Food Services (component),us-retail-food-services,US Retail Sales — Food Services,Food Services,US,census,722,monthly,pct_change_mom,percent,high,79,2020-02-01,2026-08-01,IMPORTANT,Keep with native label/method.,"Activity, expenditure, production or demand evidence; distinguish level, rate, contribution and survey.",https://www.census.gov/retail/marts/www/timeseries.html,https://api.census.gov/data/timeseries/eits/mrts,Monthly Retail Trade and Food Services
growth,retail,growth › Retail Sales › Gasoline Stations (component),us-retail-gasoline,US Retail Sales — Gasoline Stations,Gasoline,US,census,447,monthly,pct_change_mom,percent,high,79,2020-02-01,2026-08-01,IMPORTANT,Keep with native label/method.,"Activity, expenditure, production or demand evidence; distinguish level, rate, contribution and survey.",https://www.census.gov/retail/marts/www/timeseries.html,https://api.census.gov/data/timeseries/eits/mrts,Monthly Retail Trade and Food Services
growth,retail,growth › Retail Sales › General Merchandise (component),us-retail-general-merchandise,US Retail Sales — General Merchandise,General Merchandise,US,census,452,monthly,pct_change_mom,percent,high,79,2020-02-01,2026-08-01,IMPORTANT,Keep with native label/method.,"Activity, expenditure, production or demand evidence; distinguish level, rate, contribution and survey.",https://www.census.gov/retail/marts/www/timeseries.html,https://api.census.gov/data/timeseries/eits/mrts,Monthly Retail Trade and Food Services
growth,retail,growth › Retail Sales › Motor Vehicles (component),us-retail-motor-vehicles,US Retail Sales — Motor Vehicles,Motor Vehicles,US,census,441,monthly,pct_change_mom,percent,high,79,2020-02-01,2026-08-01,IMPORTANT,Keep with native label/method.,"Activity, expenditure, production or demand evidence; distinguish level, rate, contribution and survey.",https://www.census.gov/retail/marts/www/timeseries.html,https://api.census.gov/data/timeseries/eits/mrts,Monthly Retail Trade and Food Services
growth,retail,growth › Retail Sales › Nonstore (Online) (component),us-retail-nonstore,US Retail Sales — Nonstore,Nonstore,US,census,454,monthly,pct_change_mom,percent,high,79,2020-02-01,2026-08-01,IMPORTANT,Keep with native label/method.,"Activity, expenditure, production or demand evidence; distinguish level, rate, contribution and survey.",https://www.census.gov/retail/marts/www/timeseries.html,https://api.census.gov/data/timeseries/eits/mrts,Monthly Retail Trade and Food Services
growth,retail,growth › Retail Sales (root),us-retail-sales-total,US Retail Sales — Total,Retail Total,US,census,44X72,monthly,pct_change_mom,percent,critical,79,2020-02-01,2026-08-01,CORE,Keep with native label/method.,"Activity, expenditure, production or demand evidence; distinguish level, rate, contribution and survey.",https://www.census.gov/retail/marts/www/timeseries.html,https://api.census.gov/data/timeseries/eits/mrts,Monthly Retail Trade and Food Services
growth,retail,growth › Retail Sales › Total ex Autos & Gas (component),us-retail-total-ex-auto-gas,US Retail Sales — Total ex Autos & Gas,Retail ex Autos & Gas,US,census,44W72,monthly,pct_change_mom,percent,critical,79,2020-02-01,2026-08-01,CORE,Keep with native label/method.,"Activity, expenditure, production or demand evidence; distinguish level, rate, contribution and survey.",https://www.census.gov/retail/marts/www/timeseries.html,https://api.census.gov/data/timeseries/eits/mrts,Monthly Retail Trade and Food Services
growth,sentiment,Not in country dashboard,us-umich-sentiment,University of Michigan Consumer Sentiment,UMich Sentiment,US,fred,UMCSENT,monthly,level,index,high,676,1952-11-01,2026-08-01,IMPORTANT,Keep with native label/method.,"Activity, expenditure, production or demand evidence; distinguish level, rate, contribution and survey.",https://data.sca.isr.umich.edu/,https://data.sca.isr.umich.edu/,Michigan Survey of Consumers
jobs,claims,jobs › Jobless Claims › Continuing Jobless Claims (component),us-continuing-claims,Continuing Jobless Claims,Continuing Claims,US,fred,CCSA,weekly,level,number,high,3116,1967-01-07,2026-09-19,IMPORTANT,Keep with native label/method.,"Labour supply/demand, employment, pay or expectations; distinguish observed outcomes from surveys.",https://oui.doleta.gov/unemploy/claims.asp,https://oui.doleta.gov/unemploy/claims_arch.asp,Unemployment Insurance Weekly Claims
jobs,claims,jobs › Jobless Claims (root),us-initial-claims,Initial Jobless Claims,Initial Claims,US,fred,ICSA,weekly,level,number,critical,3117,1967-01-07,2026-09-26,CORE,Keep with native label/method.,"Labour supply/demand, employment, pay or expectations; distinguish observed outcomes from surveys.",https://oui.doleta.gov/unemploy/claims.asp,https://oui.doleta.gov/unemploy/claims_arch.asp,Unemployment Insurance Weekly Claims
jobs,expectations_labor,inflation › Wage Expectations (chart),us-nyfed-sce-labor-job-finding-1y,NY Fed SCE Job Finding Probability (1-Year),SCE Job Finding 1Y,US,nyfed,SCE_LABOR_JOB_FINDING_1Y,monthly,level,percent,high,159,2013-06-01,2026-08-01,IMPORTANT,Keep with native label/method.,"Labour supply/demand, employment, pay or expectations; distinguish observed outcomes from surveys.",https://www.newyorkfed.org/microeconomics/sce,https://www.newyorkfed.org/microeconomics/databank,Survey of Consumer Expectations
jobs,expectations_labor,inflation › Wage Expectations (chart),us-nyfed-sce-labor-job-separation-1y,NY Fed SCE Job Separation Probability (1-Year),SCE Job Loss 1Y,US,nyfed,SCE_LABOR_JOB_SEPARATION_1Y,monthly,level,percent,high,159,2013-06-01,2026-08-01,IMPORTANT,Keep with native label/method.,"Labour supply/demand, employment, pay or expectations; distinguish observed outcomes from surveys.",https://www.newyorkfed.org/microeconomics/sce,https://www.newyorkfed.org/microeconomics/databank,Survey of Consumer Expectations
jobs,expectations_labor,inflation › Wage Expectations (chart),us-nyfed-sce-labor-unemployment-1y,NY Fed SCE Unemployment Expectations (1-Year),SCE Unemployment 1Y,US,nyfed,SCE_LABOR_UNEMPLOYMENT_1Y,monthly,level,percent,high,159,2013-06-01,2026-08-01,IMPORTANT,Keep with native label/method.,"Labour supply/demand, employment, pay or expectations; distinguish observed outcomes from surveys.",https://www.newyorkfed.org/microeconomics/sce,https://www.newyorkfed.org/microeconomics/databank,Survey of Consumer Expectations
jobs,hours,jobs › Wage Growth › Average Weekly Hours (component),us-avg-workweek,Average Weekly Hours,Workweek,US,fred,AWHAETP,monthly,level,hours,medium,247,2006-03-01,2026-09-01,OPTIONAL,Keep with native label/method.,Contextual/supporting indicator; keep subordinate unless a defined policy use case warrants prominence.,https://www.bls.gov/ces,https://www.bls.gov/news.release/empsit.nr0.htm,Employment Situation
jobs,jolts,Not in country dashboard,us-jolts-hires,JOLTS Hires Rate,Hires Rate,US,bls,JTS000000000000000HIL,monthly,level,percent,medium,309,2000-12-01,2026-08-01,OPTIONAL,Keep with native label/method.,Contextual/supporting indicator; keep subordinate unless a defined policy use case warrants prominence.,https://www.bls.gov/jlt,https://www.bls.gov/news.release/jolts.nr0.htm,Job Openings and Labor Turnover
jobs,jolts,jobs › Job Openings & Labor Turnover › Hires (component),us-jolts-hires-level,JOLTS Hires,Hires,US,bls,JTS000000000000000HIL,monthly,level,thousands,high,309,2000-12-01,2026-08-01,IMPORTANT,Keep with native label/method.,"Labour supply/demand, employment, pay or expectations; distinguish observed outcomes from surveys.",https://www.bls.gov/jlt,https://www.bls.gov/news.release/jolts.nr0.htm,Job Openings and Labor Turnover
jobs,jolts,Not in country dashboard,us-jolts-layoffs,JOLTS Layoffs & Discharges Rate,Layoffs Rate,US,bls,JTS000000000000000LDL,monthly,level,percent,medium,309,2000-12-01,2026-08-01,OPTIONAL,Keep with native label/method.,Contextual/supporting indicator; keep subordinate unless a defined policy use case warrants prominence.,https://www.bls.gov/jlt,https://www.bls.gov/news.release/jolts.nr0.htm,Job Openings and Labor Turnover
jobs,jolts,jobs › Job Openings & Labor Turnover › Layoffs & Discharges (component),us-jolts-layoffs-level,JOLTS Layoffs and Discharges,Layoffs & Discharges,US,bls,JTS000000000000000LDL,monthly,level,thousands,high,309,2000-12-01,2026-08-01,IMPORTANT,Keep with native label/method.,"Labour supply/demand, employment, pay or expectations; distinguish observed outcomes from surveys.",https://www.bls.gov/jlt,https://www.bls.gov/news.release/jolts.nr0.htm,Job Openings and Labor Turnover
jobs,jolts,jobs › Job Openings & Labor Turnover (root),us-jolts-openings,JOLTS Job Openings,Openings,US,bls,JTS000000000000000JOL,monthly,level,thousands,critical,309,2000-12-01,2026-08-01,CORE,Keep with native label/method.,"Labour supply/demand, employment, pay or expectations; distinguish observed outcomes from surveys.",https://www.bls.gov/jlt,https://www.bls.gov/news.release/jolts.nr0.htm,Job Openings and Labor Turnover
jobs,jolts,Not in country dashboard,us-jolts-quits,JOLTS Quits Rate,Quits Rate,US,bls,JTS000000000000000QUL,monthly,level,percent,high,309,2000-12-01,2026-08-01,IMPORTANT,Keep with native label/method.,"Labour supply/demand, employment, pay or expectations; distinguish observed outcomes from surveys.",https://www.bls.gov/jlt,https://www.bls.gov/news.release/jolts.nr0.htm,Job Openings and Labor Turnover
jobs,jolts,jobs › Job Openings & Labor Turnover › Quits (component),us-jolts-quits-level,JOLTS Quits,Quits,US,bls,JTS000000000000000QUL,monthly,level,thousands,high,309,2000-12-01,2026-08-01,IMPORTANT,Keep with native label/method.,"Labour supply/demand, employment, pay or expectations; distinguish observed outcomes from surveys.",https://www.bls.gov/jlt,https://www.bls.gov/news.release/jolts.nr0.htm,Job Openings and Labor Turnover
jobs,jolts,jobs › Job Openings & Labor Turnover › Total Separations (component),us-jolts-total-separations,JOLTS Total Separations,Total Separations,US,bls,JTS000000000000000TSR,monthly,level,thousands,high,309,2000-12-01,2026-08-01,IMPORTANT,Keep with native label/method.,"Labour supply/demand, employment, pay or expectations; distinguish observed outcomes from surveys.",https://www.bls.gov/jlt,https://www.bls.gov/news.release/jolts.nr0.htm,Job Openings and Labor Turnover
jobs,leading,Not in country dashboard,us-temp-help,Temporary Help Services Employment,Temp Help,US,fred,TEMPHELPS,monthly,pct_change_yoy,percent,medium,429,1991-01-01,2026-09-01,OPTIONAL,Keep with native label/method.,Contextual/supporting indicator; keep subordinate unless a defined policy use case warrants prominence.,https://www.bls.gov/ces,https://www.bls.gov/news.release/empsit.nr0.htm,Employment Situation
jobs,participation,jobs › Labor Force Participation › Civilian Labor Force (component),us-civilian-labor-force,Civilian Labor Force,Civilian Labor Force,US,bls,LNS11000000,monthly,level,thousands,high,943,1948-01-01,2026-08-01,IMPORTANT,Keep with native label/method.,"Labour supply/demand, employment, pay or expectations; distinguish observed outcomes from surveys.",https://www.bls.gov/cps,https://www.bls.gov/news.release/empsit.nr0.htm,Employment Situation
jobs,participation,jobs › Labor Force Participation › Employment-Population Ratio (component),us-employment-population,Employment-Population Ratio,EPOP,US,bls,LNS12300000,monthly,level,percent,high,943,1948-01-01,2026-08-01,IMPORTANT,Keep with native label/method.,"Labour supply/demand, employment, pay or expectations; distinguish observed outcomes from surveys.",https://www.bls.gov/cps,https://www.bls.gov/news.release/empsit.nr0.htm,Employment Situation
jobs,participation,jobs › Labor Force Participation › Not in Labor Force (component),us-not-in-labor-force,Not in Labor Force,Not in Labor Force,US,bls,LNS15000000,monthly,level,thousands,high,620,1975-01-01,2026-09-01,IMPORTANT,Keep with native label/method.,"Labour supply/demand, employment, pay or expectations; distinguish observed outcomes from surveys.",https://www.bls.gov/cps,https://www.bls.gov/news.release/empsit.nr0.htm,Employment Situation
jobs,participation,jobs › Labor Force Participation (root),us-participation,Labor Force Participation Rate,LFPR,US,bls,LNS11300000,monthly,level,percent,high,944,1948-01-01,2026-09-01,IMPORTANT,Keep with native label/method.,"Labour supply/demand, employment, pay or expectations; distinguish observed outcomes from surveys.",https://www.bls.gov/cps,https://www.bls.gov/news.release/empsit.nr0.htm,Employment Situation
jobs,payrolls,Not in country dashboard,us-adp-change,ADP Nonfarm Private Employment Change,ADP Change,US,fred,ADPMNUSNERSA,monthly,diff,thousands,critical,200,2010-02-01,2026-09-01,CORE,Keep with native label/method.,"Labour supply/demand, employment, pay or expectations; distinguish observed outcomes from surveys.",https://adpemploymentreport.com/,https://adpemploymentreport.com/,ADP National Employment Report
jobs,payrolls,Not in country dashboard,us-adp-level,ADP Nonfarm Private Employment Level,ADP Level,US,fred,ADPMNUSNERSA,monthly,level,thousands,high,201,2010-01-01,2026-09-01,IMPORTANT,Keep with native label/method.,"Labour supply/demand, employment, pay or expectations; distinguish observed outcomes from surveys.",https://adpemploymentreport.com/,https://adpemploymentreport.com/,ADP National Employment Report
jobs,payrolls,jobs › Nonfarm Payroll Employment › Government Employment (component),us-government-payrolls,Government Employment,Government Employment,US,bls,CES9000000001,monthly,level,thousands,high,956,1947-01-01,2026-08-01,IMPORTANT,Keep with native label/method.,"Labour supply/demand, employment, pay or expectations; distinguish observed outcomes from surveys.",https://www.bls.gov/ces,https://www.bls.gov/news.release/empsit.nr0.htm,Employment Situation
jobs,payrolls,Not in country dashboard,us-mfg-employment,Manufacturing Employment Level,Mfg Payrolls,US,fred,MANEMP,monthly,level,thousands,high,1053,1939-01-01,2026-09-01,IMPORTANT,Keep with native label/method.,"Labour supply/demand, employment, pay or expectations; distinguish observed outcomes from surveys.",https://www.bls.gov/ces,https://www.bls.gov/news.release/empsit.nr0.htm,Employment Situation
jobs,payrolls,jobs › Nonfarm Payroll Employment › 3-Month Average Change (component),us-nfp,Nonfarm Payrolls Change,NFP,US,bls,CES0000000001,monthly,diff,thousands,critical,1052,1939-02-01,2026-09-01,CORE,Keep with native label/method.,"Labour supply/demand, employment, pay or expectations; distinguish observed outcomes from surveys.",https://www.bls.gov/ces,https://www.bls.gov/news.release/empsit.nr0.htm,Employment Situation
jobs,payrolls,jobs › Nonfarm Payroll Employment (root),us-payrolls-level,Total Nonfarm Payrolls Level,Payrolls Level,US,bls,CES0000000001,monthly,level,thousands,critical,1053,1939-01-01,2026-09-01,CORE,Keep with native label/method.,"Labour supply/demand, employment, pay or expectations; distinguish observed outcomes from surveys.",https://www.bls.gov/ces,https://www.bls.gov/news.release/empsit.nr0.htm,Employment Situation
jobs,payrolls,jobs › Nonfarm Payroll Employment › Private Employment (component),us-private-payrolls,Private Employment,Private Employment,US,bls,CES0500000001,monthly,level,thousands,high,956,1947-01-01,2026-08-01,IMPORTANT,Keep with native label/method.,"Labour supply/demand, employment, pay or expectations; distinguish observed outcomes from surveys.",https://www.bls.gov/ces,https://www.bls.gov/news.release/empsit.nr0.htm,Employment Situation
jobs,unemployment,jobs › Unemployment › Long-Term Unemployed (component),us-long-term-unemployed,Long-Term Unemployed,Long-Term Unemployed,US,bls,LNS13025703,monthly,level,thousands,high,943,1948-01-01,2026-08-01,IMPORTANT,Keep with native label/method.,"Labour supply/demand, employment, pay or expectations; distinguish observed outcomes from surveys.",https://www.bls.gov/cps,https://www.bls.gov/news.release/empsit.nr0.htm,Employment Situation
jobs,unemployment,jobs › Unemployment › U-6 Underemployment Rate (component),us-u6,U-6 Underemployment Rate,U-6,US,bls,LNS13327709,monthly,level,percent,high,391,1994-01-01,2026-08-01,IMPORTANT,Keep with native label/method.,"Labour supply/demand, employment, pay or expectations; distinguish observed outcomes from surveys.",https://www.bls.gov/cps,https://www.bls.gov/news.release/empsit.nr0.htm,Employment Situation
jobs,unemployment,jobs › Unemployment › Unemployed Persons (component),us-unemployed-persons,Unemployed Persons,Unemployed Persons,US,bls,LNS13000000,monthly,level,thousands,high,943,1948-01-01,2026-08-01,IMPORTANT,Keep with native label/method.,"Labour supply/demand, employment, pay or expectations; distinguish observed outcomes from surveys.",https://www.bls.gov/cps,https://www.bls.gov/news.release/empsit.nr0.htm,Employment Situation
jobs,unemployment,jobs › Unemployment (root),us-unemployment,Unemployment Rate,U-3,US,bls,LNS14000000,monthly,level,percent,critical,944,1948-01-01,2026-09-01,CORE,Keep with native label/method.,"Labour supply/demand, employment, pay or expectations; distinguish observed outcomes from surveys.",https://www.bls.gov/cps,https://www.bls.gov/news.release/empsit.nr0.htm,Employment Situation
jobs,wages,jobs › Wage Growth › Average Weekly Earnings (component),us-average-weekly-earnings,Average Weekly Earnings,Average Weekly Earnings,US,bls,CES0500000011,monthly,level,dollars,high,246,2006-03-01,2026-08-01,IMPORTANT,Keep with native label/method.,"Labour supply/demand, employment, pay or expectations; distinguish observed outcomes from surveys.",https://www.bls.gov/ces,https://www.bls.gov/news.release/empsit.nr0.htm,Employment Situation
inflation,consumer_prices,inflation › CPI › 02 · Alcohol & tobacco (component),uk-alcohol-cpi-yoy,UK Alcohol & Tobacco CPI YoY,Alcohol & Tobacco CPI,UK,ons,D7G9,monthly,published_rate,percent,medium,452,1989-01-01,2026-08-01,TOO GRANULAR,Keep as drilldown.,Valid official detail; retain as drilldown rather than peer-level policy headline.,https://www.ons.gov.uk/economy/inflationandpriceindices/timeseries/d7g9/mm23,https://www.ons.gov.uk/economy/inflationandpriceindices/bulletins/consumerpriceinflation/latest,Consumer Price Inflation
inflation,consumer_prices,inflation › CPIH › 02 · Alcohol & tobacco (component),uk-alcohol-cpih-yoy,UK Alcohol & Tobacco CPIH YoY,Alcohol & Tobacco CPIH,UK,ons,L55Q,monthly,published_rate,percent,medium,452,1989-01-01,2026-08-01,TOO GRANULAR,Keep as drilldown.,Valid official detail; retain as drilldown rather than peer-level policy headline.,https://www.ons.gov.uk/economy/inflationandpriceindices/timeseries/l55q/mm23,https://www.ons.gov.uk/economy/inflationandpriceindices/bulletins/consumerpriceinflation/latest,Consumer Price Inflation
inflation,consumer_prices,inflation › CPI › 03 · Clothing & footwear (component),uk-clothing-cpi-yoy,UK Clothing & Footwear CPI YoY,Clothing & Footwear CPI,UK,ons,D7GA,monthly,published_rate,percent,medium,452,1989-01-01,2026-08-01,TOO GRANULAR,Keep as drilldown.,Valid official detail; retain as drilldown rather than peer-level policy headline.,https://www.ons.gov.uk/economy/inflationandpriceindices/timeseries/d7ga/mm23,https://www.ons.gov.uk/economy/inflationandpriceindices/bulletins/consumerpriceinflation/latest,Consumer Price Inflation
inflation,consumer_prices,inflation › CPIH › 03 · Clothing & footwear (component),uk-clothing-cpih-yoy,UK Clothing & Footwear CPIH YoY,Clothing & Footwear CPIH,UK,ons,L55R,monthly,published_rate,percent,medium,452,1989-01-01,2026-08-01,TOO GRANULAR,Keep as drilldown.,Valid official detail; retain as drilldown rather than peer-level policy headline.,https://www.ons.gov.uk/economy/inflationandpriceindices/timeseries/l55r/mm23,https://www.ons.gov.uk/economy/inflationandpriceindices/bulletins/consumerpriceinflation/latest,Consumer Price Inflation
inflation,consumer_prices,inflation › CPI › 08 · Communication (component),uk-communication-cpi-yoy,UK Communication CPI YoY,Communication CPI,UK,ons,D7GF,monthly,published_rate,percent,medium,452,1989-01-01,2026-08-01,TOO GRANULAR,Keep as drilldown.,Valid official detail; retain as drilldown rather than peer-level policy headline.,https://www.ons.gov.uk/economy/inflationandpriceindices/timeseries/d7gf/mm23,https://www.ons.gov.uk/economy/inflationandpriceindices/bulletins/consumerpriceinflation/latest,Consumer Price Inflation
inflation,consumer_prices,inflation › CPIH › 08 · Communication (component),uk-communication-cpih-yoy,UK Communication CPIH YoY,Communication CPIH,UK,ons,L55W,monthly,published_rate,percent,medium,452,1989-01-01,2026-08-01,TOO GRANULAR,Keep as drilldown.,Valid official detail; retain as drilldown rather than peer-level policy headline.,https://www.ons.gov.uk/economy/inflationandpriceindices/timeseries/l55w/mm23,https://www.ons.gov.uk/economy/inflationandpriceindices/bulletins/consumerpriceinflation/latest,Consumer Price Inflation
inflation,consumer_prices,Not in country dashboard,uk-core-cpi-mom,UK Core CPI MoM,UK Core MoM,UK,ons,DKC6,monthly,pct_change_mom,percent,high,464,1988-01-01,2026-08-01,IMPORTANT,Keep with native label/method.,Direct price-stability input or inflation driver; preserve exact native price measure and basket level.,https://www.ons.gov.uk/economy/inflationandpriceindices/timeseries/dkc6/mm23,https://www.ons.gov.uk/economy/inflationandpriceindices/bulletins/consumerpriceinflation/latest,Consumer Price Inflation
inflation,consumer_prices,inflation › Core Inflation (root),uk-core-cpi-yoy,UK Core CPI YoY,UK Core CPI,UK,ons,DKO8,monthly,published_rate,percent,critical,452,1989-01-01,2026-08-01,CORE,Keep with native label/method.,Direct price-stability input or inflation driver; preserve exact native price measure and basket level.,https://www.ons.gov.uk/economy/inflationandpriceindices,https://www.ons.gov.uk/economy/inflationandpriceindices/bulletins/consumerpriceinflation/latest,Consumer Price Inflation
inflation,consumer_prices,inflation › Core Inflation › Core CPIH (component),uk-core-cpih-yoy,UK Core CPIH YoY,Core CPIH,UK,ons,L5LQ,monthly,published_rate,percent,critical,452,1989-01-01,2026-08-01,CORE,Keep with native label/method.,Direct price-stability input or inflation driver; preserve exact native price measure and basket level.,https://www.ons.gov.uk/economy/inflationandpriceindices,https://www.ons.gov.uk/economy/inflationandpriceindices/bulletins/consumerpriceinflation/latest,Consumer Price Inflation
inflation,consumer_prices,Not in country dashboard,uk-cpi-mom,UK CPI MoM,UK CPI MoM,UK,ons,D7OE,monthly,published_rate,percent,critical,463,1988-02-01,2026-08-01,CORE,Keep with native label/method.,Direct price-stability input or inflation driver; preserve exact native price measure and basket level.,https://www.ons.gov.uk/economy/inflationandpriceindices/timeseries/d7oe/mm23,https://www.ons.gov.uk/economy/inflationandpriceindices/bulletins/consumerpriceinflation/latest,Consumer Price Inflation
inflation,consumer_prices,inflation › CPI (root),uk-cpi-yoy,UK CPI YoY,UK CPI YoY,UK,ons,D7G7,monthly,published_rate,percent,critical,452,1989-01-01,2026-08-01,CORE,Keep with native label/method.,Direct price-stability input or inflation driver; preserve exact native price measure and basket level.,https://www.ons.gov.uk/economy/inflationandpriceindices,https://www.ons.gov.uk/economy/inflationandpriceindices/bulletins/consumerpriceinflation/latest,Consumer Price Inflation
inflation,consumer_prices,Not in country dashboard,uk-cpih-mom,UK CPIH MoM,CPIH MoM,UK,ons,L59C,monthly,published_rate,percent,critical,463,1988-02-01,2026-08-01,CORE,Keep with native label/method.,Direct price-stability input or inflation driver; preserve exact native price measure and basket level.,https://www.ons.gov.uk/economy/inflationandpriceindices,https://www.ons.gov.uk/economy/inflationandpriceindices/bulletins/consumerpriceinflation/latest,Consumer Price Inflation
inflation,consumer_prices,inflation › CPIH (root),uk-cpih-yoy,UK CPIH YoY,CPIH YoY,UK,ons,L55O,monthly,published_rate,percent,critical,452,1989-01-01,2026-08-01,CORE,Keep with native label/method.,Direct price-stability input or inflation driver; preserve exact native price measure and basket level.,https://www.ons.gov.uk/economy/inflationandpriceindices,https://www.ons.gov.uk/economy/inflationandpriceindices/bulletins/consumerpriceinflation/latest,Consumer Price Inflation
inflation,consumer_prices,inflation › CPI › 10 · Education (component),uk-education-cpi-yoy,UK Education CPI YoY,Education CPI,UK,ons,D7GH,monthly,published_rate,percent,medium,452,1989-01-01,2026-08-01,TOO GRANULAR,Keep as drilldown.,Valid official detail; retain as drilldown rather than peer-level policy headline.,https://www.ons.gov.uk/economy/inflationandpriceindices/timeseries/d7gh/mm23,https://www.ons.gov.uk/economy/inflationandpriceindices/bulletins/consumerpriceinflation/latest,Consumer Price Inflation
inflation,consumer_prices,inflation › CPIH › 10 · Education (component),uk-education-cpih-yoy,UK Education CPIH YoY,Education CPIH,UK,ons,L55Y,monthly,published_rate,percent,medium,452,1989-01-01,2026-08-01,TOO GRANULAR,Keep as drilldown.,Valid official detail; retain as drilldown rather than peer-level policy headline.,https://www.ons.gov.uk/economy/inflationandpriceindices/timeseries/l55y/mm23,https://www.ons.gov.uk/economy/inflationandpriceindices/bulletins/consumerpriceinflation/latest,Consumer Price Inflation
inflation,consumer_prices,inflation › Goods Inflation › Energy (component),uk-energy-cpi-yoy,UK Energy CPI YoY,UK Energy CPI,UK,ons,D7GT,monthly,published_rate,percent,high,452,1989-01-01,2026-08-01,IMPORTANT,Keep with native label/method.,Direct price-stability input or inflation driver; preserve exact native price measure and basket level.,https://www.ons.gov.uk/economy/inflationandpriceindices/timeseries/d7gt/mm23,https://www.ons.gov.uk/economy/inflationandpriceindices/bulletins/consumerpriceinflation/latest,Consumer Price Inflation
inflation,consumer_prices,inflation › Food Inflation (root),uk-food-cpi-yoy,UK Food CPI YoY,UK Food CPI,UK,ons,D7G8,monthly,published_rate,percent,high,452,1989-01-01,2026-08-01,IMPORTANT,Keep with native label/method.,Direct price-stability input or inflation driver; preserve exact native price measure and basket level.,https://www.ons.gov.uk/economy/inflationandpriceindices/timeseries/d7g8/mm23,https://www.ons.gov.uk/economy/inflationandpriceindices/bulletins/consumerpriceinflation/latest,Consumer Price Inflation
inflation,consumer_prices,Not in country dashboard,uk-food-cpih-mom,UK Food CPIH MoM,Food CPIH MoM,UK,ons,L59D,monthly,published_rate,percent,high,463,1988-02-01,2026-08-01,IMPORTANT,Keep with native label/method.,Direct price-stability input or inflation driver; preserve exact native price measure and basket level.,https://www.ons.gov.uk/economy/inflationandpriceindices,https://www.ons.gov.uk/economy/inflationandpriceindices/bulletins/consumerpriceinflation/latest,Consumer Price Inflation
inflation,consumer_prices,inflation › CPIH › 01 · Food & non-alcoholic beverages (component),uk-food-cpih-yoy,UK Food CPIH YoY,Food CPIH,UK,ons,L55P,monthly,published_rate,percent,high,452,1989-01-01,2026-08-01,IMPORTANT,Keep with native label/method.,Direct price-stability input or inflation driver; preserve exact native price measure and basket level.,https://www.ons.gov.uk/economy/inflationandpriceindices,https://www.ons.gov.uk/economy/inflationandpriceindices/bulletins/consumerpriceinflation/latest,Consumer Price Inflation
inflation,consumer_prices,inflation › CPI › 05 · Furniture & household goods (component),uk-furniture-cpi-yoy,UK Furniture & Household Goods CPI YoY,Furniture & Household CPI,UK,ons,D7GC,monthly,published_rate,percent,medium,452,1989-01-01,2026-08-01,TOO GRANULAR,Keep as drilldown.,Valid official detail; retain as drilldown rather than peer-level policy headline.,https://www.ons.gov.uk/economy/inflationandpriceindices/timeseries/d7gc/mm23,https://www.ons.gov.uk/economy/inflationandpriceindices/bulletins/consumerpriceinflation/latest,Consumer Price Inflation
inflation,consumer_prices,inflation › CPIH › 05 · Furniture & household goods (component),uk-furniture-cpih-yoy,UK Furniture & Household Goods CPIH YoY,Furniture & Household CPIH,UK,ons,L55T,monthly,published_rate,percent,medium,452,1989-01-01,2026-08-01,TOO GRANULAR,Keep as drilldown.,Valid official detail; retain as drilldown rather than peer-level policy headline.,https://www.ons.gov.uk/economy/inflationandpriceindices/timeseries/l55t/mm23,https://www.ons.gov.uk/economy/inflationandpriceindices/bulletins/consumerpriceinflation/latest,Consumer Price Inflation
inflation,consumer_prices,Not in country dashboard,uk-goods-cpi-mom,UK Goods CPI MoM,UK Goods MoM,UK,ons,D7MU,monthly,published_rate,percent,medium,463,1988-02-01,2026-08-01,OPTIONAL,Keep with native label/method.,Contextual/supporting indicator; keep subordinate unless a defined policy use case warrants prominence.,https://www.ons.gov.uk/economy/inflationandpriceindices/timeseries/d7mu/mm23,https://www.ons.gov.uk/economy/inflationandpriceindices/bulletins/consumerpriceinflation/latest,Consumer Price Inflation
inflation,consumer_prices,inflation › Goods Inflation (root),uk-goods-cpi-yoy,UK Goods CPI YoY,UK Goods CPI,UK,ons,D7NM,monthly,published_rate,percent,high,452,1989-01-01,2026-08-01,IMPORTANT,Keep with native label/method.,Direct price-stability input or inflation driver; preserve exact native price measure and basket level.,https://www.ons.gov.uk/economy/inflationandpriceindices/timeseries/d7nm/mm23,https://www.ons.gov.uk/economy/inflationandpriceindices/bulletins/consumerpriceinflation/latest,Consumer Price Inflation
inflation,consumer_prices,inflation › CPI › 06 · Health (component),uk-health-cpi-yoy,UK Health CPI YoY,Health CPI,UK,ons,D7GD,monthly,published_rate,percent,medium,452,1989-01-01,2026-08-01,TOO GRANULAR,Keep as drilldown.,Valid official detail; retain as drilldown rather than peer-level policy headline.,https://www.ons.gov.uk/economy/inflationandpriceindices/timeseries/d7gd/mm23,https://www.ons.gov.uk/economy/inflationandpriceindices/bulletins/consumerpriceinflation/latest,Consumer Price Inflation
inflation,consumer_prices,inflation › CPIH › 06 · Health (component),uk-health-cpih-yoy,UK Health CPIH YoY,Health CPIH,UK,ons,L55U,monthly,published_rate,percent,medium,452,1989-01-01,2026-08-01,TOO GRANULAR,Keep as drilldown.,Valid official detail; retain as drilldown rather than peer-level policy headline.,https://www.ons.gov.uk/economy/inflationandpriceindices/timeseries/l55u/mm23,https://www.ons.gov.uk/economy/inflationandpriceindices/bulletins/consumerpriceinflation/latest,Consumer Price Inflation
inflation,consumer_prices,inflation › Housing & Household Services (root),uk-housing-cpi-yoy,UK Housing CPI YoY,UK Housing CPI,UK,ons,D7GB,monthly,published_rate,percent,high,452,1989-01-01,2026-08-01,IMPORTANT,Keep with native label/method.,Direct price-stability input or inflation driver; preserve exact native price measure and basket level.,https://www.ons.gov.uk/economy/inflationandpriceindices/timeseries/d7gb/mm23,https://www.ons.gov.uk/economy/inflationandpriceindices/bulletins/consumerpriceinflation/latest,Consumer Price Inflation
inflation,consumer_prices,Not in country dashboard,uk-housing-cpih-mom,UK Housing CPIH MoM,Housing CPIH MoM,UK,ons,L5PG,monthly,pct_change_mom,percent,high,464,1988-01-01,2026-08-01,IMPORTANT,Keep with native label/method.,Direct price-stability input or inflation driver; preserve exact native price measure and basket level.,https://www.ons.gov.uk/economy/inflationandpriceindices,https://www.ons.gov.uk/economy/inflationandpriceindices/bulletins/consumerpriceinflation/latest,Consumer Price Inflation
inflation,consumer_prices,inflation › CPIH › 04 · Housing & household services (component),uk-housing-cpih-yoy,UK Housing CPIH YoY,Housing CPIH,UK,ons,L55S,monthly,published_rate,percent,high,452,1989-01-01,2026-08-01,IMPORTANT,Keep with native label/method.,Direct price-stability input or inflation driver; preserve exact native price measure and basket level.,https://www.ons.gov.uk/economy/inflationandpriceindices,https://www.ons.gov.uk/economy/inflationandpriceindices/bulletins/consumerpriceinflation/latest,Consumer Price Inflation
inflation,consumer_prices,inflation › CPI › 12 · Miscellaneous goods & services (component),uk-miscellaneous-cpi-yoy,UK Miscellaneous Goods & Services CPI YoY,Miscellaneous CPI,UK,ons,D7GJ,monthly,published_rate,percent,medium,452,1989-01-01,2026-08-01,TOO GRANULAR,Keep as drilldown.,Valid official detail; retain as drilldown rather than peer-level policy headline.,https://www.ons.gov.uk/economy/inflationandpriceindices/timeseries/d7gj/mm23,https://www.ons.gov.uk/economy/inflationandpriceindices/bulletins/consumerpriceinflation/latest,Consumer Price Inflation
inflation,consumer_prices,inflation › CPIH › 12 · Miscellaneous goods & services (component),uk-miscellaneous-cpih-yoy,UK Miscellaneous Goods & Services CPIH YoY,Miscellaneous CPIH,UK,ons,L562,monthly,published_rate,percent,medium,452,1989-01-01,2026-08-01,TOO GRANULAR,Keep as drilldown.,Valid official detail; retain as drilldown rather than peer-level policy headline.,https://www.ons.gov.uk/economy/inflationandpriceindices/timeseries/l562/mm23,https://www.ons.gov.uk/economy/inflationandpriceindices/bulletins/consumerpriceinflation/latest,Consumer Price Inflation
inflation,consumer_prices,inflation › CPI › 09 · Recreation & culture (component),uk-recreation-cpi-yoy,UK Recreation & Culture CPI YoY,Recreation & Culture CPI,UK,ons,D7GG,monthly,published_rate,percent,medium,452,1989-01-01,2026-08-01,TOO GRANULAR,Keep as drilldown.,Valid official detail; retain as drilldown rather than peer-level policy headline.,https://www.ons.gov.uk/economy/inflationandpriceindices/timeseries/d7gg/mm23,https://www.ons.gov.uk/economy/inflationandpriceindices/bulletins/consumerpriceinflation/latest,Consumer Price Inflation
inflation,consumer_prices,inflation › CPIH › 09 · Recreation & culture (component),uk-recreation-cpih-yoy,UK Recreation & Culture CPIH YoY,Recreation & Culture CPIH,UK,ons,L55X,monthly,published_rate,percent,medium,452,1989-01-01,2026-08-01,TOO GRANULAR,Keep as drilldown.,Valid official detail; retain as drilldown rather than peer-level policy headline.,https://www.ons.gov.uk/economy/inflationandpriceindices/timeseries/l55x/mm23,https://www.ons.gov.uk/economy/inflationandpriceindices/bulletins/consumerpriceinflation/latest,Consumer Price Inflation
inflation,consumer_prices,inflation › CPI › 11 · Restaurants & hotels (component),uk-restaurants-hotels-cpi-yoy,UK Restaurants & Hotels CPI YoY,Restaurants & Hotels CPI,UK,ons,D7GI,monthly,published_rate,percent,medium,452,1989-01-01,2026-08-01,TOO GRANULAR,Keep as drilldown.,Valid official detail; retain as drilldown rather than peer-level policy headline.,https://www.ons.gov.uk/economy/inflationandpriceindices/timeseries/d7gi/mm23,https://www.ons.gov.uk/economy/inflationandpriceindices/bulletins/consumerpriceinflation/latest,Consumer Price Inflation
inflation,consumer_prices,inflation › CPIH › 11 · Restaurants & hotels (component),uk-restaurants-hotels-cpih-yoy,UK Restaurants & Hotels CPIH YoY,Restaurants & Hotels CPIH,UK,ons,L55Z,monthly,published_rate,percent,medium,452,1989-01-01,2026-08-01,TOO GRANULAR,Keep as drilldown.,Valid official detail; retain as drilldown rather than peer-level policy headline.,https://www.ons.gov.uk/economy/inflationandpriceindices/timeseries/l55z/mm23,https://www.ons.gov.uk/economy/inflationandpriceindices/bulletins/consumerpriceinflation/latest,Consumer Price Inflation
inflation,consumer_prices,Not in country dashboard,uk-rpi-yoy,UK RPI YoY,RPI YoY,UK,ons,CZBH,monthly,level,percent,medium,939,1948-06-01,2026-08-01,OPTIONAL,Keep with native label/method.,Contextual/supporting indicator; keep subordinate unless a defined policy use case warrants prominence.,https://www.ons.gov.uk/economy/inflationandpriceindices,https://www.ons.gov.uk/economy/inflationandpriceindices/bulletins/consumerpriceinflation/latest,Consumer Price Inflation
inflation,consumer_prices,Not in country dashboard,uk-services-cpi-mom,UK Services CPI MoM,UK Svc MoM,UK,ons,D7MV,monthly,published_rate,percent,high,463,1988-02-01,2026-08-01,IMPORTANT,Keep with native label/method.,Direct price-stability input or inflation driver; preserve exact native price measure and basket level.,https://www.ons.gov.uk/economy/inflationandpriceindices/timeseries/d7mv/mm23,https://www.ons.gov.uk/economy/inflationandpriceindices/bulletins/consumerpriceinflation/latest,Consumer Price Inflation
inflation,consumer_prices,inflation › Services Inflation (root),uk-services-cpi-yoy,UK Services CPI YoY,UK Svc CPI,UK,ons,D7NN,monthly,published_rate,percent,critical,452,1989-01-01,2026-08-01,CORE,Keep with native label/method.,Direct price-stability input or inflation driver; preserve exact native price measure and basket level.,https://www.ons.gov.uk/economy/inflationandpriceindices/timeseries/d7nn/mm23,https://www.ons.gov.uk/economy/inflationandpriceindices/bulletins/consumerpriceinflation/latest,Consumer Price Inflation
inflation,consumer_prices,inflation › CPI › 07 · Transport (component),uk-transport-cpi-yoy,UK Transport CPI YoY,Transport CPI,UK,ons,D7GE,monthly,published_rate,percent,medium,452,1989-01-01,2026-08-01,TOO GRANULAR,Keep as drilldown.,Valid official detail; retain as drilldown rather than peer-level policy headline.,https://www.ons.gov.uk/economy/inflationandpriceindices/timeseries/d7ge/mm23,https://www.ons.gov.uk/economy/inflationandpriceindices/bulletins/consumerpriceinflation/latest,Consumer Price Inflation
inflation,consumer_prices,inflation › CPIH › 07 · Transport (component),uk-transport-cpih-yoy,UK Transport CPIH YoY,Transport CPIH,UK,ons,L55V,monthly,published_rate,percent,medium,452,1989-01-01,2026-08-01,TOO GRANULAR,Keep as drilldown.,Valid official detail; retain as drilldown rather than peer-level policy headline.,https://www.ons.gov.uk/economy/inflationandpriceindices/timeseries/l55v/mm23,https://www.ons.gov.uk/economy/inflationandpriceindices/bulletins/consumerpriceinflation/latest,Consumer Price Inflation
inflation,expectations_business,inflation › Business Expectations (root),uk-dmp-inflation-exp-1y,UK DMP CPI Inflation Expectation 1-Year,DMP CPI 1Y,UK,boe,DMP_CPI_EXPECTED_1Y,monthly,level,percent,critical,13,2025-04-01,2026-08-01,CORE,Keep with native label/method.,Direct price-stability input or inflation driver; preserve exact native price measure and basket level.,https://www.bankofengland.co.uk/decision-maker-panel,https://www.bankofengland.co.uk/monetary-policy/decision-maker-panel-data,BoE Decision Maker Panel
inflation,expectations_business,inflation › Business Expectations (chart),uk-dmp-inflation-exp-3y,UK DMP CPI Inflation Expectation 3-Year,DMP CPI 3Y,UK,boe,DMP_CPI_EXPECTED_3Y,monthly,level,percent,high,8,2025-11-01,2026-08-01,IMPORTANT,Keep with native label/method.,Direct price-stability input or inflation driver; preserve exact native price measure and basket level.,https://www.bankofengland.co.uk/decision-maker-panel,https://www.bankofengland.co.uk/monetary-policy/decision-maker-panel-data,BoE Decision Maker Panel
inflation,expectations_business,inflation › Business Expectations (chart),uk-dmp-own-price-exp-1y,UK DMP Own-Price Inflation Expectation 1-Year,DMP Own Price 1Y,UK,boe,DMP_OWN_PRICE_EXPECTED_1Y,monthly,level,percent,high,35,2023-09-01,2026-08-01,IMPORTANT,Keep with native label/method.,Direct price-stability input or inflation driver; preserve exact native price measure and basket level.,https://www.bankofengland.co.uk/decision-maker-panel,https://www.bankofengland.co.uk/monetary-policy/decision-maker-panel-data,BoE Decision Maker Panel
inflation,expectations_consumer,inflation › Consumer Expectations (chart),uk-citi-yougov-inflation-exp-1y,Citi/YouGov UK Inflation Expectations 1-Year,Citi/YouGov 1Y,UK,boe,CITI_YOUGOV_INFLATION_1Y,monthly,level,percent,critical,52,2019-01-31,2026-09-01,CORE,Keep with native label/method.,Direct price-stability input or inflation driver; preserve exact native price measure and basket level.,https://www.bankofengland.co.uk/monetary-policy-report,https://www.bankofengland.co.uk/monetary-policy-report,Citi/YouGov Household Inflation Expectations
inflation,expectations_consumer,inflation › Consumer Expectations (chart),uk-citi-yougov-inflation-exp-5-10y,Citi/YouGov UK Inflation Expectations 5–10-Year,Citi/YouGov 5–10Y,UK,boe,CITI_YOUGOV_INFLATION_5_10Y,monthly,level,percent,high,52,2019-01-31,2026-09-01,IMPORTANT,Keep with native label/method.,Direct price-stability input or inflation driver; preserve exact native price measure and basket level.,https://www.bankofengland.co.uk/monetary-policy-report,https://www.bankofengland.co.uk/monetary-policy-report,Citi/YouGov Household Inflation Expectations
inflation,expectations_consumer,inflation › Consumer Expectations (root),uk-inflation-exp-1y,UK Inflation Expectations 1-Year,BoE 1Y Exp,UK,boe,IAS_Q2A,quarterly,level,percent,critical,55,2013-02-01,2026-08-01,CORE,Keep with native label/method.,Direct price-stability input or inflation driver; preserve exact native price measure and basket level.,https://www.bankofengland.co.uk/inflation-attitudes-survey,https://www.bankofengland.co.uk/inflation-attitudes-survey,BoE Inflation Attitudes Survey
inflation,expectations_consumer,inflation › Consumer Expectations (chart),uk-inflation-exp-2y,UK Inflation Expectations 2-Year,BoE 2Y Exp,UK,boe,IAS_Q2B,quarterly,level,percent,high,55,2013-02-01,2026-08-01,IMPORTANT,Keep with native label/method.,Direct price-stability input or inflation driver; preserve exact native price measure and basket level.,https://www.bankofengland.co.uk/inflation-attitudes-survey,https://www.bankofengland.co.uk/inflation-attitudes-survey,BoE Inflation Attitudes Survey
inflation,expectations_consumer,inflation › Consumer Expectations (chart),uk-inflation-exp-5y,UK Inflation Expectations 5-Year,BoE 5Y Exp,UK,boe,IAS_Q2C,quarterly,level,percent,high,55,2013-02-01,2026-08-01,IMPORTANT,Keep with native label/method.,Direct price-stability input or inflation driver; preserve exact native price measure and basket level.,https://www.bankofengland.co.uk/inflation-attitudes-survey,https://www.bankofengland.co.uk/inflation-attitudes-survey,BoE Inflation Attitudes Survey
inflation,expectations_market,inflation › Market-Based (chart),uk-inflation-comp-10y,UK 10-Year Inflation Compensation,UK 10Y Comp,UK,boe,UK_INFL_COMP_10Y,daily,level,percent,high,0,,,IMPORTANT,Repair/verify route and history.,No observation rows in local DB; configured metric cannot substantiate a displayed value/trend.,https://www.bankofengland.co.uk/statistics,https://www.bankofengland.co.uk/statistics,UK Inflation Compensation
inflation,expectations_market,inflation › Market-Based (root),uk-inflation-comp-1y,UK 1-Year Inflation Swap,1Y Inflation Swap,UK,boe,UK_INFL_COMP_1Y,monthly,level,percent,high,48,2022-08-31,2026-07-31,IMPORTANT,Keep with native label/method.,Direct price-stability input or inflation driver; preserve exact native price measure and basket level.,https://www.bankofengland.co.uk/statistics,https://www.bankofengland.co.uk/statistics,UK Inflation Compensation
inflation,expectations_market,inflation › Market-Based (chart),uk-inflation-comp-5y,UK 5-Year Inflation Compensation,UK 5Y Comp,UK,boe,UK_INFL_COMP_5Y,daily,level,percent,high,0,,,IMPORTANT,Repair/verify route and history.,No observation rows in local DB; configured metric cannot substantiate a displayed value/trend.,https://www.bankofengland.co.uk/statistics,https://www.bankofengland.co.uk/statistics,UK Inflation Compensation
inflation,expectations_market,inflation › Market-Based (chart),uk-inflation-comp-5y5y,UK 5Y5Y Inflation Compensation,5Y5Y Inflation Comp.,UK,boe,UK_INFL_COMP_5Y5Y,daily,level,percent,high,446,2025-01-02,2026-10-06,IMPORTANT,Keep with native label/method.,Direct price-stability input or inflation driver; preserve exact native price measure and basket level.,https://www.bankofengland.co.uk/statistics/yield-curves,https://www.bankofengland.co.uk/statistics/yield-curves/terminology-and-concepts,UK Inflation Compensation
inflation,expectations_professional,inflation › Professional Expectations (root),uk-maps-inflation-1y,BoE MaPS CPI Inflation 1-Year,BoE MaPS 1Y,UK,boe,MAPS_CPI_1Y,monthly,level,percent,critical,6,2026-02-01,2026-09-01,CORE,Keep with native label/method.,Direct price-stability input or inflation driver; preserve exact native price measure and basket level.,https://www.bankofengland.co.uk/markets/market-participants-survey,https://www.bankofengland.co.uk/markets/market-participants-survey,Market Participants Survey
inflation,expectations_professional,inflation › Professional Expectations (chart),uk-maps-inflation-2y,BoE MaPS CPI Inflation 2-Year,BoE MaPS 2Y,UK,boe,MAPS_CPI_2Y,monthly,level,percent,high,6,2026-02-01,2026-09-01,IMPORTANT,Keep with native label/method.,Direct price-stability input or inflation driver; preserve exact native price measure and basket level.,https://www.bankofengland.co.uk/markets/market-participants-survey,https://www.bankofengland.co.uk/markets/market-participants-survey,Market Participants Survey
inflation,expectations_professional,inflation › Professional Expectations (chart),uk-maps-inflation-3y,BoE MaPS CPI Inflation 3-Year,BoE MaPS 3Y,UK,boe,MAPS_CPI_3Y,monthly,level,percent,high,6,2026-02-01,2026-09-01,IMPORTANT,Keep with native label/method.,Direct price-stability input or inflation driver; preserve exact native price measure and basket level.,https://www.bankofengland.co.uk/markets/market-participants-survey,https://www.bankofengland.co.uk/markets/market-participants-survey,Market Participants Survey
inflation,expectations_professional,inflation › Professional Expectations (chart),uk-maps-inflation-5y,BoE MaPS CPI Inflation 5-Year,BoE MaPS 5Y,UK,boe,MAPS_CPI_5Y,monthly,level,percent,high,6,2026-02-01,2026-09-01,IMPORTANT,Keep with native label/method.,Direct price-stability input or inflation driver; preserve exact native price measure and basket level.,https://www.bankofengland.co.uk/markets/market-participants-survey,https://www.bankofengland.co.uk/markets/market-participants-survey,Market Participants Survey
inflation,expectations_wage,Not in country dashboard,uk-agents-pay-settlement-exp-1y,BoE Agents Expected Pay Settlement 1-Year,Agents Pay Exp 1Y,UK,boe,AGENTS_PAY_SETTLEMENT_EXPECTED_1Y,annual,level,percent,high,1,2026-02-01,2026-02-01,IMPORTANT,Keep with native label/method.,Direct price-stability input or inflation driver; preserve exact native price measure and basket level.,https://www.bankofengland.co.uk/agents-summary,https://www.bankofengland.co.uk/agents-summary,BoE Agents' Pay Survey
inflation,expectations_wage,inflation › Wage Expectations (root),uk-dmp-wage-exp-1y,UK DMP Expected Wage Growth 1-Year,DMP Wage Exp 1Y,UK,boe,DMP_WAGE_EXPECTED_1Y,monthly,level,percent,critical,51,2017-10-01,2026-08-01,CORE,Keep with native label/method.,Direct price-stability input or inflation driver; preserve exact native price measure and basket level.,https://www.bankofengland.co.uk/decision-maker-panel,https://www.bankofengland.co.uk/monetary-policy/decision-maker-panel-data,BoE Decision Maker Panel
inflation,labor_costs,Not in country dashboard,uk-awe-regular-mom,UK Average Weekly Earnings (Regular Pay) MoM,AWE Regular MoM,UK,ons,KAI7,monthly,pct_change_mom,percent,high,319,2000-01-01,2026-07-01,MISCLASSIFIED,Move to Labour › Wages; realized ONS pay.,Move to Labour › Wages; realized ONS pay.,https://www.ons.gov.uk/employmentandlabourmarket/peopleinwork/earningsandworkinghours/timeseries/kai7/lms,https://www.ons.gov.uk/employmentandlabourmarket/peopleinwork/employmentandemployeetypes/bulletins/averageweeklyearningsingreatbritain/latest,Average Weekly Earnings
inflation,labor_costs,jobs › Wage Growth › AWE Regular Pay (component),uk-awe-regular-yoy,UK Average Weekly Earnings (Regular Pay) YoY,AWE Regular,UK,ons,KAI9,monthly,published_rate,percent,critical,305,2001-03-01,2026-07-01,MISCLASSIFIED,Move to Labour › Wages; realized ONS pay.,Move to Labour › Wages; realized ONS pay.,https://www.ons.gov.uk/employmentandlabourmarket/peopleinwork/earningsandworkinghours,https://www.ons.gov.uk/employmentandlabourmarket/peopleinwork/employmentandemployeetypes/bulletins/averageweeklyearningsingreatbritain/latest,Average Weekly Earnings
inflation,producer_prices,Not in country dashboard,uk-ppi-input-yoy,UK Input PPI YoY,UK PPI In,UK,ons,GHIP,monthly,pct_change_yoy,percent,high,500,1985-01-01,2026-08-01,IMPORTANT,Keep with native label/method.,Direct price-stability input or inflation driver; preserve exact native price measure and basket level.,https://www.ons.gov.uk/economy/inflationandpriceindices,https://www.ons.gov.uk/economy/inflationandpriceindices/bulletins/producerpriceinflation/latest,Producer Price Inflation
inflation,producer_prices,Not in country dashboard,uk-ppi-output-yoy,UK Output PPI YoY,UK PPI Out,UK,ons,GB7S,monthly,pct_change_yoy,percent,high,824,1958-01-01,2026-08-01,IMPORTANT,Keep with native label/method.,Direct price-stability input or inflation driver; preserve exact native price measure and basket level.,https://www.ons.gov.uk/economy/inflationandpriceindices,https://www.ons.gov.uk/economy/inflationandpriceindices/bulletins/producerpriceinflation/latest,Producer Price Inflation
growth,business_investment,growth › Gross Fixed Capital Formation › Business Investment (component),uk-business-investment-qoq,UK Business Investment QoQ,Business Investment QoQ,UK,ons,KG7P,quarterly,published_rate,percent,critical,117,1997-04-01,2026-04-01,CORE,Keep with native label/method.,"Activity, expenditure, production or demand evidence; distinguish level, rate, contribution and survey.",https://www.ons.gov.uk/economy/grossdomesticproductgdp/timeseries/kg7p/pn2,https://www.ons.gov.uk/economy/grossdomesticproductgdp/bulletins/gdpfirstquarterlyestimateuk/latest,GDP First Quarterly Estimate
growth,business_investment,Not in country dashboard,uk-business-investment-yoy,UK Business Investment YoY,Business Investment YoY,UK,ons,KG7S,quarterly,published_rate,percent,critical,114,1998-01-01,2026-04-01,CORE,Keep with native label/method.,"Activity, expenditure, production or demand evidence; distinguish level, rate, contribution and survey.",https://www.ons.gov.uk/economy/grossdomesticproductgdp/timeseries/kg7s/pn2,https://www.ons.gov.uk/economy/grossdomesticproductgdp/bulletins/gdpfirstquarterlyestimateuk/latest,GDP First Quarterly Estimate
growth,demand,Not in country dashboard,uk-retail-sales,UK Retail Sales Volume YoY,UK Retail,UK,ons,J5EK,monthly,pct_change_yoy,percent,high,356,1997-01-01,2026-08-01,IMPORTANT,Keep with native label/method.,"Activity, expenditure, production or demand evidence; distinguish level, rate, contribution and survey.",https://www.ons.gov.uk/businessindustryandtrade/retailindustry,https://www.ons.gov.uk/businessindustryandtrade/retailindustry/bulletins/retailsales/latest,Retail Sales
growth,gdp,Not in country dashboard,uk-gdp-3m-yoy,UK Monthly GDP 3m YoY,UK GDP 3m YoY,UK,ons,ED9T,monthly,level,percent,high,341,1998-03-01,2026-07-01,IMPORTANT,Keep with native label/method.,"Activity, expenditure, production or demand evidence; distinguish level, rate, contribution and survey.",https://www.ons.gov.uk/economy/grossdomesticproductgdp/timeseries/ed9t/mgdp,https://www.ons.gov.uk/economy/grossdomesticproductgdp/bulletins/gdpmonthlyestimateuk/latest,GDP Monthly Estimate
growth,gdp,growth › GDP (root),uk-gdp-mom,UK Monthly GDP MoM,UK GDP MoM,UK,ons,ECYX,monthly,published_rate,percent,critical,354,1997-02-01,2026-07-01,CORE,Keep with native label/method.,"Activity, expenditure, production or demand evidence; distinguish level, rate, contribution and survey.",https://www.ons.gov.uk/economy/grossdomesticproductgdp/timeseries/ecyx/mgdp,https://www.ons.gov.uk/economy/grossdomesticproductgdp/bulletins/gdpmonthlyestimateuk/latest,GDP Monthly Estimate
growth,gdp,growth › Real GDP (root),uk-gdp-qoq,UK Real GDP QoQ,UK GDP QoQ,UK,ons,IHYQ,quarterly,published_rate,percent,critical,285,1955-04-01,2026-04-01,CORE,Keep with native label/method.,"Activity, expenditure, production or demand evidence; distinguish level, rate, contribution and survey.",https://www.ons.gov.uk/economy/grossdomesticproductgdp/timeseries/ihyq/pn2,https://www.ons.gov.uk/economy/grossdomesticproductgdp/bulletins/gdpfirstquarterlyestimateuk/latest,GDP First Quarterly Estimate
growth,gdp,growth › Real GDP › Real GDP YoY (component),uk-gdp-yoy,UK GDP YoY,UK GDP YoY,UK,ons,IHYR,quarterly,published_rate,percent,critical,282,1956-01-01,2026-04-01,CORE,Keep with native label/method.,"Activity, expenditure, production or demand evidence; distinguish level, rate, contribution and survey.",https://www.ons.gov.uk/economy/grossdomesticproductgdp/timeseries/ihyr/pn2,https://www.ons.gov.uk/economy/grossdomesticproductgdp/bulletins/gdpfirstquarterlyestimateuk/latest,GDP First Quarterly Estimate
growth,gfcf,Not in country dashboard,uk-gfcf-qoq,UK Gross Fixed Capital Formation QoQ,GFCF QoQ,UK,ons,KG7Q,quarterly,published_rate,percent,critical,285,1955-04-01,2026-04-01,CORE,Keep with native label/method.,"Activity, expenditure, production or demand evidence; distinguish level, rate, contribution and survey.",https://www.ons.gov.uk/economy/grossdomesticproductgdp/timeseries/kg7q/pn2,https://www.ons.gov.uk/economy/grossdomesticproductgdp/bulletins/quarterlynationalaccounts/latest,GDP Quarterly National Accounts
growth,gfcf,Not in country dashboard,uk-gfcf-yoy,UK Gross Fixed Capital Formation YoY,GFCF YoY,UK,ons,KG7T,quarterly,published_rate,percent,critical,282,1956-01-01,2026-04-01,CORE,Keep with native label/method.,"Activity, expenditure, production or demand evidence; distinguish level, rate, contribution and survey.",https://www.ons.gov.uk/economy/grossdomesticproductgdp/timeseries/kg7t/pn2,https://www.ons.gov.uk/economy/grossdomesticproductgdp/bulletins/quarterlynationalaccounts/latest,GDP Quarterly National Accounts
growth,government_consumption,growth › Government Consumption (root),uk-government-consumption-level,UK Government Final Consumption,Government Consumption,UK,ons,NMRY,quarterly,level,gbp_millions,high,293,1948-01-01,2026-04-01,IMPORTANT,Keep with native label/method.,"Activity, expenditure, production or demand evidence; distinguish level, rate, contribution and survey.",https://www.ons.gov.uk/economy/grossdomesticproductgdp,https://www.ons.gov.uk/economy/grossdomesticproductgdp/bulletins/quarterlynationalaccounts/latest,GDP Quarterly National Accounts
growth,gross_capital_formation,growth › Gross Fixed Capital Formation (root),uk-gfcf-level,UK Real Gross Fixed Capital Formation,Gross Fixed Capital Formation,UK,ons,NPQT,quarterly,level,£m,critical,293,1948-01-01,2026-04-01,CORE,Keep with native label/method.,"Activity, expenditure, production or demand evidence; distinguish level, rate, contribution and survey.",https://www.ons.gov.uk/economy/grossdomesticproductgdp,https://www.ons.gov.uk/economy/grossdomesticproductgdp/bulletins/quarterlynationalaccounts/latest,GDP Quarterly National Accounts
growth,household_consumption,growth › Household Consumption (root),uk-household-consumption-level,UK Real Household Final Consumption,Household Consumption,UK,ons,ABJR,quarterly,level,£m,critical,293,1948-01-01,2026-04-01,CORE,Keep with native label/method.,"Activity, expenditure, production or demand evidence; distinguish level, rate, contribution and survey.",https://www.ons.gov.uk/economy/nationalaccounts/satelliteaccounts/timeseries/abjr/qna,https://www.ons.gov.uk/economy/grossdomesticproductgdp/bulletins/quarterlynationalaccounts/latest,GDP Quarterly National Accounts
growth,leading,Not in country dashboard,uk-cli,UK OECD Composite Leading Indicator,UK CLI,UK,fred,GBRLOLITOAASTSAM,monthly,level,index,medium,825,1957-12-01,2026-08-01,OPTIONAL,Keep with native label/method.,Contextual/supporting indicator; keep subordinate unless a defined policy use case warrants prominence.,https://www.oecd.org/en/data/indicators/composite-leading-indicator-cli.html,https://www.oecd.org/en/data/indicators/composite-leading-indicator-cli.html,OECD CLI
growth,net_trade,growth › Net Trade Contribution (root),uk-net-trade-qoq,UK Net Trade Contribution QoQ,Net Trade QoQ,UK,ons,ZZ5U,quarterly,published_rate,percent,high,118,1997-01-01,2026-04-01,IMPORTANT,Keep with native label/method.,"Activity, expenditure, production or demand evidence; distinguish level, rate, contribution and survey.",https://www.ons.gov.uk/economy/grossdomesticproductgdp/timeseries/zz5u/qna,https://www.ons.gov.uk/economy/grossdomesticproductgdp/bulletins/gdpquarterlynationalaccounts/latest,GDP Quarterly National Accounts
growth,net_trade,growth › Net Trade Contribution › Net Trade YoY Contribution (component),uk-net-trade-yoy,UK Net Trade Contribution YoY,Net Trade YoY,UK,ons,ZZ6D,quarterly,published_rate,percent,high,118,1997-01-01,2026-04-01,IMPORTANT,Keep with native label/method.,"Activity, expenditure, production or demand evidence; distinguish level, rate, contribution and survey.",https://www.ons.gov.uk/economy/grossdomesticproductgdp/timeseries/zz6d/qna,https://www.ons.gov.uk/economy/grossdomesticproductgdp/bulletins/gdpquarterlynationalaccounts/latest,GDP Quarterly National Accounts
growth,pmi,growth › PMI (root),uk-sp-global-composite-pmi,UK S&P Global Composite PMI,UK Composite,UK,pmi_scrape,SP_GLOBAL_UK_COMPOSITE_PMI,monthly,level,index,high,0,,,SUPPORTING,Supporting private survey; zero observations.,"Private survey signal, not official statistical series; all configured PMI rows currently have no observations.",https://www.pmi.spglobal.com/PUBLIC/HOME?language=en,https://www.pmi.spglobal.com/public/release/pressreleases?language=en,S&P Global PMI
growth,pmi,growth › PMI › S&P Global Manufacturing (component),uk-sp-global-manufacturing-pmi,UK S&P Global Manufacturing PMI,UK Manufacturing,UK,pmi_scrape,SP_GLOBAL_UK_MANUFACTURING_PMI,monthly,level,index,high,0,,,SUPPORTING,Supporting private survey; zero observations.,"Private survey signal, not official statistical series; all configured PMI rows currently have no observations.",https://www.pmi.spglobal.com/PUBLIC/HOME?language=en,https://www.pmi.spglobal.com/public/release/pressreleases?language=en,S&P Global PMI
growth,pmi,growth › PMI › S&P Global Services (component),uk-sp-global-services-pmi,UK S&P Global Services PMI,UK Services,UK,pmi_scrape,SP_GLOBAL_UK_SERVICES_PMI,monthly,level,index,high,0,,,SUPPORTING,Supporting private survey; zero observations.,"Private survey signal, not official statistical series; all configured PMI rows currently have no observations.",https://www.pmi.spglobal.com/PUBLIC/HOME?language=en,https://www.pmi.spglobal.com/public/release/pressreleases?language=en,S&P Global PMI
growth,production,Not in country dashboard,uk-industrial-production,UK Industrial Production YoY,UK IP,UK,ons,K222,monthly,pct_change_yoy,percent,high,931,1949-01-01,2026-07-01,IMPORTANT,Keep with native label/method.,"Activity, expenditure, production or demand evidence; distinguish level, rate, contribution and survey.",https://www.ons.gov.uk/economy/economicoutputandproductivity,https://www.ons.gov.uk/economy/economicoutputandproductivity/output/bulletins/indexofproduction/latest,Index of Production
growth,retail,growth › Retail Sales › Automotive Fuel (component),uk-retail-automotive-fuel,UK Retail Sales — Automotive Fuel,Automotive Fuel,UK,ons,JO5A,monthly,pct_change_mom,percent,high,368,1996-01-01,2026-08-01,IMPORTANT,Keep with native label/method.,"Activity, expenditure, production or demand evidence; distinguish level, rate, contribution and survey.",https://www.ons.gov.uk/businessindustryandtrade/retailindustry/timeseries/jo5a/drsi,https://www.ons.gov.uk/businessindustryandtrade/retailindustry/bulletins/retailsales/latest,Retail Sales
growth,retail,growth › Retail Sales › Food Stores (component),uk-retail-food-stores,UK Retail Sales — Food Stores,Food Stores,UK,ons,EAPT,monthly,pct_change_mom,percent,high,464,1988-01-01,2026-08-01,IMPORTANT,Keep with native label/method.,"Activity, expenditure, production or demand evidence; distinguish level, rate, contribution and survey.",https://www.ons.gov.uk/businessindustryandtrade/retailindustry/timeseries/eapt/drsi,https://www.ons.gov.uk/businessindustryandtrade/retailindustry/bulletins/retailsales/latest,Retail Sales
growth,retail,growth › Retail Sales › Non-Food Stores (component),uk-retail-non-food-stores,UK Retail Sales — Non-Food Stores,Non-Food Stores,UK,ons,EAPV,monthly,pct_change_mom,percent,high,464,1988-01-01,2026-08-01,IMPORTANT,Keep with native label/method.,"Activity, expenditure, production or demand evidence; distinguish level, rate, contribution and survey.",https://www.ons.gov.uk/businessindustryandtrade/retailindustry/timeseries/eapv/drsi,https://www.ons.gov.uk/businessindustryandtrade/retailindustry/bulletins/retailsales/latest,Retail Sales
growth,retail,growth › Retail Sales › Non-Store (Online) (component),uk-retail-nonstore,UK Retail Sales — Non-Store,Non-Store,UK,ons,J5DZ,monthly,pct_change_mom,percent,high,464,1988-01-01,2026-08-01,IMPORTANT,Keep with native label/method.,"Activity, expenditure, production or demand evidence; distinguish level, rate, contribution and survey.",https://www.ons.gov.uk/businessindustryandtrade/retailindustry/timeseries/j5dz/drsi,https://www.ons.gov.uk/businessindustryandtrade/retailindustry/bulletins/retailsales/latest,Retail Sales
growth,retail,Not in country dashboard,uk-retail-sales-mom,UK Retail Sales Volume MoM,UK Retail MoM,UK,ons,J5EC,monthly,level,percent,high,367,1996-02-01,2026-08-01,IMPORTANT,Keep with native label/method.,"Activity, expenditure, production or demand evidence; distinguish level, rate, contribution and survey.",https://www.ons.gov.uk/businessindustryandtrade/retailindustry,https://www.ons.gov.uk/businessindustryandtrade/retailindustry/bulletins/retailsales/latest,Retail Sales
growth,retail,growth › Retail Sales (root),uk-retail-sales-total-ex-fuel,UK Retail Sales — Total ex Fuel,Total ex Fuel,UK,ons,J5EC,monthly,published_rate,percent,critical,367,1996-02-01,2026-08-01,REDUNDANT,Merge into uk-retail-sales-mom.,Exact source/series/transform/unit duplicate of `uk-retail-sales-mom`; merge to one canonical metric.,https://www.ons.gov.uk/businessindustryandtrade/retailindustry/timeseries/j5ec/drsi,https://www.ons.gov.uk/businessindustryandtrade/retailindustry/bulletins/retailsales/latest,Retail Sales
growth,sentiment,Not in country dashboard,uk-business-confidence,UK Business Confidence,UK Biz Conf,UK,fred,BSCICP02GBM460S,monthly,level,index,high,594,1977-03-01,2026-08-01,IMPORTANT,Keep with native label/method.,"Activity, expenditure, production or demand evidence; distinguish level, rate, contribution and survey.",https://www.bankofengland.co.uk,https://www.ons.gov.uk/economy,Business Confidence
jobs,employment,jobs › Employment (root),uk-employment-level,UK Employment Level,UK Emp Level,UK,ons,MGRZ,monthly,level,thousands,high,666,1971-01-01,2026-06-01,IMPORTANT,Keep with native label/method.,"Labour supply/demand, employment, pay or expectations; distinguish observed outcomes from surveys.",https://www.ons.gov.uk/employmentandlabourmarket/peopleinwork/employmentandemployeetypes,https://www.ons.gov.uk/employmentandlabourmarket/peopleinwork/employmentandemployeetypes/bulletins/uklabourmarket/latest,Labour Market
jobs,employment,jobs › Employment › Employment Rate (component),uk-employment-rate,UK Employment Rate,Employment Rate,UK,ons,MGSR,monthly,level,percent,high,666,1971-01-01,2026-06-01,IMPORTANT,Keep with native label/method.,"Labour supply/demand, employment, pay or expectations; distinguish observed outcomes from surveys.",https://www.ons.gov.uk/employmentandlabourmarket/peopleinwork/employmentandemployeetypes,https://www.ons.gov.uk/employmentandlabourmarket/peopleinwork/employmentandemployeetypes/bulletins/uklabourmarket/latest,Labour Market
jobs,inactivity,jobs › Economic Inactivity (root),uk-inactivity-rate,UK Economic Inactivity Rate,Inactivity Rate,UK,ons,I46G,monthly,level,percent,high,411,1992-04-01,2026-06-01,IMPORTANT,Keep with native label/method.,"Labour supply/demand, employment, pay or expectations; distinguish observed outcomes from surveys.",https://www.ons.gov.uk/employmentandlabourmarket/peoplenotinwork/economicinactivity,https://www.ons.gov.uk/employmentandlabourmarket/peopleinwork/employmentandemployeetypes/bulletins/uklabourmarket/latest,Labour Market
jobs,payrolls,jobs › Employment › Employment Change (component),uk-employment-change,UK Employment Change,UK Emp Δ,UK,ons,PAYE_EMP_CHANGE,monthly,level,thousands,critical,145,2014-08-01,2026-08-01,CORE,Keep with native label/method.,"Labour supply/demand, employment, pay or expectations; distinguish observed outcomes from surveys.",https://www.ons.gov.uk/employmentandlabourmarket/peopleinwork/earningsandworkinghours/bulletins/earningsandemploymentfrompayasyouearnrealtimeinformationuk/latest,https://www.ons.gov.uk/employmentandlabourmarket/peopleinwork/earningsandworkinghours/datasets/realtimeinformationstatisticsreferencetableseasonallyadjusted/current,UK PAYE RTI Employment
jobs,payrolls,jobs › Payrolled Employment (root),uk-payrolled-employees-level,UK Payrolled Employees,Payrolled Employees,UK,ons,PAYE_EMP_LEVEL,monthly,level,thousands,critical,146,2014-07-01,2026-08-01,CORE,Keep with native label/method.,"Labour supply/demand, employment, pay or expectations; distinguish observed outcomes from surveys.",https://www.ons.gov.uk/employmentandlabourmarket/peopleinwork/earningsandworkinghours/bulletins/earningsandemploymentfrompayasyouearnrealtimeinformationuk/latest,https://www.ons.gov.uk/employmentandlabourmarket/peopleinwork/earningsandworkinghours/datasets/realtimeinformationstatisticsreferencetableseasonallyadjusted/current,UK PAYE RTI Employment
jobs,unemployment,jobs › Unemployment Rate (root),uk-unemployment,UK Unemployment Rate,UK U-Rate,UK,ons,MGSX,monthly,level,percent,critical,667,1971-01-01,2026-07-01,CORE,Keep with native label/method.,"Labour supply/demand, employment, pay or expectations; distinguish observed outcomes from surveys.",https://www.ons.gov.uk/employmentandlabourmarket/peoplenotinwork/unemployment,https://www.ons.gov.uk/employmentandlabourmarket/peopleinwork/employmentandemployeetypes/bulletins/uklabourmarket/latest,Labour Market
jobs,vacancies,jobs › Job Vacancies (root),uk-vacancies,UK Job Vacancies,UK Vacancies,UK,ons,AP2Y,monthly,level,thousands,high,304,2001-04-01,2026-07-01,IMPORTANT,Keep with native label/method.,"Labour supply/demand, employment, pay or expectations; distinguish observed outcomes from surveys.",https://www.ons.gov.uk/employmentandlabourmarket/peopleinwork/employmentandemployeetypes,https://www.ons.gov.uk/employmentandlabourmarket/peopleinwork/employmentandemployeetypes/bulletins/uklabourmarket/latest,Labour Market
jobs,wages,jobs › Wage Growth (root),uk-awe-total-yoy,UK Average Weekly Earnings (Total Pay) YoY,AWE Total,UK,ons,KAC3,monthly,published_rate,percent,high,305,2001-03-01,2026-07-01,IMPORTANT,Keep with native label/method.,"Labour supply/demand, employment, pay or expectations; distinguish observed outcomes from surveys.",https://www.ons.gov.uk/employmentandlabourmarket/peopleinwork/earningsandworkinghours,https://www.ons.gov.uk/employmentandlabourmarket/peopleinwork/employmentandemployeetypes/bulletins/averageweeklyearningsingreatbritain/latest,Average Weekly Earnings
jobs,wages,Not in country dashboard,uk-dmp-wage-exp-1y-3m,UK DMP Expected Wage Growth 1Y (3m avg),DMP Wage Exp 1Y,UK,boe,DMP_WAGE_EXPECTED_3M,monthly,level,percent,critical,51,2017-10-01,2026-08-01,CORE,Keep with native label/method.,"Labour supply/demand, employment, pay or expectations; distinguish observed outcomes from surveys.",https://www.bankofengland.co.uk/decision-maker-panel,https://www.bankofengland.co.uk/monetary-policy/decision-maker-panel-data,BoE Decision Maker Panel
jobs,wages,Not in country dashboard,uk-dmp-wage-growth-3m,UK DMP Realised Wage Growth (3m avg),DMP Wages 3m,UK,boe,DMP_WAGE_REALISED_3M,monthly,level,percent,critical,51,2017-10-01,2026-08-01,CORE,Keep with native label/method.,"Labour supply/demand, employment, pay or expectations; distinguish observed outcomes from surveys.",https://www.bankofengland.co.uk/decision-maker-panel,https://www.bankofengland.co.uk/monetary-policy/decision-maker-panel-data,BoE Decision Maker Panel
jobs,wages,Not in country dashboard,uk-paye-median-pay-mom,UK PAYE Median Pay MoM,UK PAYE Wages MoM,UK,ons,PAYE_MEDIAN_PAY,monthly,pct_change_mom,percent,high,145,2014-08-01,2026-08-01,IMPORTANT,Keep with native label/method.,"Labour supply/demand, employment, pay or expectations; distinguish observed outcomes from surveys.",https://www.ons.gov.uk/employmentandlabourmarket/peopleinwork/earningsandworkinghours/bulletins/earningsandemploymentfrompayasyouearnrealtimeinformationuk/latest,https://www.ons.gov.uk/employmentandlabourmarket/peopleinwork/earningsandworkinghours/datasets/realtimeinformationstatisticsreferencetableseasonallyadjusted/current,UK PAYE RTI Earnings
inflation,consumer_prices,Not in country dashboard,ea-core-hicp-mom,Euro Area Core HICP MoM,Core HICP MoM,EA,eurostat,prc_hicp_mmor_core,monthly,published_rate,percent,critical,321,2000-01-01,2026-09-01,CORE,Keep with native label/method.,Direct price-stability input or inflation driver; preserve exact native price measure and basket level.,https://ec.europa.eu/eurostat/web/hicp,https://ec.europa.eu/eurostat/databrowser/view/prc_hicp_minr/default/table,Euro Area HICP
inflation,consumer_prices,inflation › Core HICP (root),ea-core-hicp-yoy,Euro Area Core HICP YoY,Core HICP,EA,eurostat,prc_hicp_minr_core,monthly,published_rate,percent,critical,310,2000-12-01,2026-09-01,CORE,Keep with native label/method.,Direct price-stability input or inflation driver; preserve exact native price measure and basket level.,https://ec.europa.eu/eurostat/web/hicp,https://ec.europa.eu/eurostat/databrowser/view/prc_hicp_minr/default/table,Euro Area HICP
inflation,consumer_prices,inflation › Energy (root),ea-energy-hicp-yoy,Euro Area Energy HICP YoY,EA Energy HICP,EA,eurostat,prc_hicp_minr_nrg,monthly,published_rate,percent,high,357,1997-01-01,2026-09-01,IMPORTANT,Keep with native label/method.,Direct price-stability input or inflation driver; preserve exact native price measure and basket level.,https://ec.europa.eu/eurostat/web/hicp,https://ec.europa.eu/eurostat/databrowser/view/prc_hicp_minr/default/table,Euro Area HICP
inflation,consumer_prices,"inflation › Food, Alcohol & Tobacco (root)",ea-food-hicp-yoy,Euro Area Food HICP YoY,EA Food HICP,EA,eurostat,prc_hicp_minr_food,monthly,published_rate,percent,high,357,1997-01-01,2026-09-01,IMPORTANT,Keep with native label/method.,Direct price-stability input or inflation driver; preserve exact native price measure and basket level.,https://ec.europa.eu/eurostat/web/hicp,https://ec.europa.eu/eurostat/databrowser/view/prc_hicp_minr/default/table,Euro Area HICP
inflation,consumer_prices,inflation › Non-Energy Industrial Goods (root),ea-goods-hicp-yoy,Euro Area Goods HICP YoY,EA Goods HICP,EA,eurostat,prc_hicp_minr_goods,monthly,published_rate,percent,high,309,2000-12-01,2026-08-01,IMPORTANT,Keep with native label/method.,Direct price-stability input or inflation driver; preserve exact native price measure and basket level.,https://ec.europa.eu/eurostat/web/hicp,https://ec.europa.eu/eurostat/databrowser/view/prc_hicp_minr/default/table,Euro Area HICP
inflation,consumer_prices,Not in country dashboard,ea-hicp-mom,Euro Area HICP MoM,HICP MoM,EA,eurostat,prc_hicp_mmor,monthly,published_rate,percent,critical,368,1996-02-01,2026-09-01,CORE,Keep with native label/method.,Direct price-stability input or inflation driver; preserve exact native price measure and basket level.,https://ec.europa.eu/eurostat/web/hicp,https://ec.europa.eu/eurostat/databrowser/view/prc_hicp_minr/default/table,Euro Area HICP
inflation,consumer_prices,inflation › HICP (Headline) (root),ea-hicp-yoy,Euro Area HICP YoY,HICP YoY,EA,eurostat,prc_hicp_minr,monthly,published_rate,percent,critical,357,1997-01-01,2026-09-01,CORE,Keep with native label/method.,Direct price-stability input or inflation driver; preserve exact native price measure and basket level.,https://ec.europa.eu/eurostat/web/hicp,https://ec.europa.eu/eurostat/databrowser/view/prc_hicp_minr/default/table,Euro Area HICP
inflation,consumer_prices,Not in country dashboard,ea-services-hicp-mom,Euro Area Services HICP MoM,EA Svc MoM,EA,eurostat,prc_hicp_mmor_serv,monthly,published_rate,percent,high,321,2000-01-01,2026-09-01,IMPORTANT,Keep with native label/method.,Direct price-stability input or inflation driver; preserve exact native price measure and basket level.,https://ec.europa.eu/eurostat/web/hicp,https://ec.europa.eu/eurostat/databrowser/view/prc_hicp_minr/default/table,Euro Area HICP
inflation,consumer_prices,inflation › Services (root),ea-services-hicp-yoy,Euro Area Services HICP YoY,EA Svc HICP,EA,eurostat,prc_hicp_minr_serv,monthly,published_rate,percent,critical,310,2000-12-01,2026-09-01,CORE,Keep with native label/method.,Direct price-stability input or inflation driver; preserve exact native price measure and basket level.,https://ec.europa.eu/eurostat/web/hicp,https://ec.europa.eu/eurostat/databrowser/view/prc_hicp_minr/default/table,Euro Area HICP
inflation,expectations_business,Not in country dashboard,ea-safe-inflation-exp-1y,ECB SAFE Business Inflation Expectation 1-Year,ECB SAFE 1Y,EA,ecb,SAFE_INFL_EXP_1Y,quarterly,level,percent,critical,0,,,CORE,Repair/verify route and history.,No observation rows in local DB; configured metric cannot substantiate a displayed value/trend.,https://www.ecb.europa.eu/stats/ecb_surveys/safe/html/index.en.html,https://data.ecb.europa.eu/data/datasets/SAFE,ECB SAFE Survey
inflation,expectations_business,Not in country dashboard,ea-safe-inflation-exp-3y,ECB SAFE Business Inflation Expectation 3-Year,ECB SAFE 3Y,EA,ecb,SAFE_INFL_EXP_3Y,quarterly,level,percent,high,0,,,IMPORTANT,Repair/verify route and history.,No observation rows in local DB; configured metric cannot substantiate a displayed value/trend.,https://www.ecb.europa.eu/stats/ecb_surveys/safe/html/index.en.html,https://data.ecb.europa.eu/data/datasets/SAFE,ECB SAFE Survey
inflation,expectations_business,Not in country dashboard,ea-safe-inflation-exp-5y,ECB SAFE Business Inflation Expectation 5-Year,ECB SAFE 5Y,EA,ecb,SAFE_INFL_EXP_5Y,quarterly,level,percent,medium,0,,,OPTIONAL,Repair/verify route and history.,No observation rows in local DB; configured metric cannot substantiate a displayed value/trend.,https://www.ecb.europa.eu/stats/ecb_surveys/safe/html/index.en.html,https://data.ecb.europa.eu/data/datasets/SAFE,ECB SAFE Survey
inflation,expectations_business,inflation › Business Expectations (chart),ea-safe-input-cost-exp-1y,ECB SAFE Input Cost Expectations,SAFE Input Costs,EA,ecb,SAFE_INPUT_COST_EXP_1Y,quarterly,level,percent,critical,10,2024-03-01,2026-06-01,CORE,Keep with native label/method.,Direct price-stability input or inflation driver; preserve exact native price measure and basket level.,https://www.ecb.europa.eu/stats/ecb_surveys/safe/html/index.en.html,https://data.ecb.europa.eu/data/datasets/SAFE,ECB SAFE Survey
inflation,expectations_business,inflation › Business Expectations (root),ea-safe-selling-price-exp-1y,ECB SAFE Selling Price Expectations,SAFE Selling Prices,EA,ecb,SAFE_SELLING_PRICE_EXP_1Y,quarterly,level,percent,critical,10,2024-03-01,2026-06-01,CORE,Keep with native label/method.,Direct price-stability input or inflation driver; preserve exact native price measure and basket level.,https://www.ecb.europa.eu/stats/ecb_surveys/safe/html/index.en.html,https://data.ecb.europa.eu/data/datasets/SAFE,ECB SAFE Survey
inflation,expectations_business,inflation › Business Expectations (chart),ea-safe-wage-exp-1y,EA SAFE Expected Wage Growth 1Y,SAFE Wage Exp 1Y,EA,ecb,SAFE_WAGE_EXP_1Y,quarterly,level,percent,critical,10,2024-03-01,2026-06-01,CORE,Keep with native label/method.,Direct price-stability input or inflation driver; preserve exact native price measure and basket level.,https://www.ecb.europa.eu/stats/ecb_surveys/safe/html/index.en.html,https://data.ecb.europa.eu/data/datasets/SAFE,ECB SAFE Survey
inflation,expectations_consumer,inflation › Consumer Expectations (root),ea-ces-inflation-exp-1y,ECB CES Consumer Inflation 1Y,ECB CES 1Y,EA,ecb,CES_HICP_1Y,monthly,level,percent,critical,53,2022-04-01,2026-08-01,CORE,Keep with native label/method.,Direct price-stability input or inflation driver; preserve exact native price measure and basket level.,https://data.ecb.europa.eu/data/datasets/CES,https://www.ecb.europa.eu/stats/ecb_surveys/consumer_exp_survey/html/index.en.html,ECB Consumer Expectations Survey
inflation,expectations_consumer,inflation › Consumer Expectations (chart),ea-ces-inflation-exp-3y,ECB CES Consumer Inflation 3-Year,ECB CES 3Y,EA,ecb,CES_HICP_3Y,monthly,level,percent,critical,53,2022-04-01,2026-08-01,CORE,Keep with native label/method.,Direct price-stability input or inflation driver; preserve exact native price measure and basket level.,https://data.ecb.europa.eu/data/datasets/CES,https://www.ecb.europa.eu/stats/ecb_surveys/consumer_exp_survey/html/index.en.html,ECB Consumer Expectations Survey
inflation,expectations_consumer,inflation › Consumer Expectations (chart),ea-ces-inflation-exp-5y,ECB CES Consumer Inflation 5-Year,ECB CES 5Y,EA,ecb,CES_HICP_5Y,monthly,level,percent,high,49,2022-08-01,2026-08-01,IMPORTANT,Keep with native label/method.,Direct price-stability input or inflation driver; preserve exact native price measure and basket level.,https://data.ecb.europa.eu/data/datasets/CES,https://www.ecb.europa.eu/stats/ecb_surveys/consumer_exp_survey/html/index.en.html,ECB Consumer Expectations Survey
inflation,expectations_consumer,Not in country dashboard,ea-ces-inflation-uncertainty,ECB CES Inflation Uncertainty,ECB CES Uncertainty,EA,ecb,CES_HICP_UNCERTAINTY,monthly,level,percent,medium,0,,,OPTIONAL,Repair/verify route and history.,No observation rows in local DB; configured metric cannot substantiate a displayed value/trend.,https://data.ecb.europa.eu/data/datasets/CES,https://www.ecb.europa.eu/stats/ecb_surveys/consumer_exp_survey/html/index.en.html,ECB Consumer Expectations Survey
inflation,expectations_market,inflation › Market-Based Expectations (chart),ea-inflation-comp-10y,Euro Area 10-Year Inflation Compensation,EA 10Y Comp,EA,lseg,EA_INFL_COMP_10Y,daily,level,percent,high,0,,,IMPORTANT,Repair/verify route and history.,No observation rows in local DB; configured metric cannot substantiate a displayed value/trend.,https://data.ecb.europa.eu/,https://data.ecb.europa.eu/,Euro Area Inflation Compensation
inflation,expectations_market,inflation › Market-Based Expectations (root),ea-inflation-comp-1y,Euro Area 1-Year Inflation Compensation,EA 1Y Comp,EA,lseg,EA_INFL_COMP_1Y,daily,level,percent,high,0,,,IMPORTANT,Repair/verify route and history.,No observation rows in local DB; configured metric cannot substantiate a displayed value/trend.,https://data.ecb.europa.eu/,https://data.ecb.europa.eu/,Euro Area Inflation Compensation
inflation,expectations_market,inflation › Market-Based Expectations (chart),ea-inflation-comp-2y,Euro Area 2-Year Inflation Compensation,EA 2Y Comp,EA,lseg,EA_INFL_COMP_2Y,daily,level,percent,high,0,,,IMPORTANT,Repair/verify route and history.,No observation rows in local DB; configured metric cannot substantiate a displayed value/trend.,https://data.ecb.europa.eu/,https://data.ecb.europa.eu/,Euro Area Inflation Compensation
inflation,expectations_market,inflation › Market-Based Expectations (chart),ea-inflation-comp-5y,Euro Area 5-Year Inflation Compensation,EA 5Y Comp,EA,lseg,EA_INFL_COMP_5Y,daily,level,percent,high,0,,,IMPORTANT,Repair/verify route and history.,No observation rows in local DB; configured metric cannot substantiate a displayed value/trend.,https://data.ecb.europa.eu/,https://data.ecb.europa.eu/,Euro Area Inflation Compensation
inflation,expectations_market,inflation › Market-Based Expectations (chart),ea-inflation-comp-5y5y,Euro Area 5Y5Y Forward Inflation Compensation,EA 5Y5Y,EA,lseg,EA_INFL_COMP_5Y5Y,daily,level,percent,critical,0,,,CORE,Repair/verify route and history.,No observation rows in local DB; configured metric cannot substantiate a displayed value/trend.,https://data.ecb.europa.eu/,https://data.ecb.europa.eu/,Euro Area Inflation Compensation
inflation,expectations_professional,Not in country dashboard,ea-core-inflation-exp-1y,ECB SPF Core HICP 1-Year,SPF Core 1Y,EA,ecb,SPF_CORE_P12M,quarterly,level,percent,high,41,2017-09-01,2027-06-01,REDUNDANT,Merge into ea-spf-hicpx-1y.,Exact source/series/transform/unit duplicate of `ea-spf-hicpx-1y`; merge to one canonical metric.,https://data.ecb.europa.eu/data/datasets/SPF,https://www.ecb.europa.eu/stats/ecb_surveys/survey_of_professional_forecasters/html/index.en.html,ECB Survey of Professional Forecasters
inflation,expectations_professional,inflation › Professional Forecasters (chart),ea-inflation-exp-1y,ECB SPF HICP 1-Year Expectation,ECB SPF 1Y,EA,ecb,SPF_HICP_P12M,quarterly,level,percent,critical,112,1999-12-01,2027-06-01,REDUNDANT,Merge into ea-spf-hicp-1y.,Exact source/series/transform/unit duplicate of `ea-spf-hicp-1y`; merge to one canonical metric.,https://data.ecb.europa.eu/data/datasets/SPF,https://www.ecb.europa.eu/stats/ecb_surveys/survey_of_professional_forecasters/html/index.en.html,ECB Survey of Professional Forecasters
inflation,expectations_professional,inflation › Professional Forecasters (chart),ea-inflation-exp-lt,ECB SPF HICP Longer-Term,SPF LT HICP,EA,ecb,SPF_HICP_LT,quarterly,level,percent,medium,105,1999-01-01,2026-07-01,REDUNDANT,Merge into ea-spf-hicp-lt.,Exact source/series/transform/unit duplicate of `ea-spf-hicp-lt`; merge to one canonical metric.,https://data.ecb.europa.eu/data/datasets/SPF,https://www.ecb.europa.eu/stats/ecb_surveys/survey_of_professional_forecasters/html/index.en.html,ECB Survey of Professional Forecasters
inflation,expectations_professional,inflation › Professional Forecasters (root),ea-spf-current-year,ECB SPF HICP Current-Year Forecast,SPF Current Year,EA,ecb,SPF_HICP_CURRENT_YEAR,annual,level,percent,critical,28,1999,2026,CORE,Keep with native label/method.,Direct price-stability input or inflation driver; preserve exact native price measure and basket level.,https://data.ecb.europa.eu/data/datasets/SPF,https://www.ecb.europa.eu/stats/ecb_surveys/survey_of_professional_forecasters/html/index.en.html,ECB Survey of Professional Forecasters
inflation,expectations_professional,Not in country dashboard,ea-spf-hicp-1y,ECB SPF HICP 1-Year,ECB SPF HICP 1Y,EA,ecb,SPF_HICP_P12M,quarterly,level,percent,critical,112,1999-12-01,2027-06-01,CORE,Keep with native label/method.,Direct price-stability input or inflation driver; preserve exact native price measure and basket level.,https://data.ecb.europa.eu/data/datasets/SPF,https://www.ecb.europa.eu/stats/ecb_surveys/survey_of_professional_forecasters/html/index.en.html,ECB Survey of Professional Forecasters
inflation,expectations_professional,inflation › Professional Forecasters (chart),ea-spf-hicp-2y,ECB SPF HICP 2-Year,ECB SPF 2Y,EA,ecb,SPF_HICP_P24M,quarterly,level,percent,critical,112,2000-12,2028-06,CORE,Keep with native label/method.,Direct price-stability input or inflation driver; preserve exact native price measure and basket level.,https://data.ecb.europa.eu/data/datasets/SPF,https://www.ecb.europa.eu/stats/ecb_surveys/survey_of_professional_forecasters/html/index.en.html,ECB Survey of Professional Forecasters
inflation,expectations_professional,Not in country dashboard,ea-spf-hicp-lt,ECB SPF HICP Long-Term,ECB SPF LT,EA,ecb,SPF_HICP_LT,quarterly,level,percent,critical,105,1999-01-01,2026-07-01,CORE,Keep with native label/method.,Direct price-stability input or inflation driver; preserve exact native price measure and basket level.,https://data.ecb.europa.eu/data/datasets/SPF,https://www.ecb.europa.eu/stats/ecb_surveys/survey_of_professional_forecasters/html/index.en.html,ECB Survey of Professional Forecasters
inflation,expectations_professional,Not in country dashboard,ea-spf-hicpx-1y,ECB SPF Core HICP 1-Year,ECB SPF Core 1Y,EA,ecb,SPF_CORE_P12M,quarterly,level,percent,high,41,2017-09-01,2027-06-01,IMPORTANT,Keep with native label/method.,Direct price-stability input or inflation driver; preserve exact native price measure and basket level.,https://data.ecb.europa.eu/data/datasets/SPF,https://www.ecb.europa.eu/stats/ecb_surveys/survey_of_professional_forecasters/html/index.en.html,ECB Survey of Professional Forecasters
inflation,expectations_wages,inflation › Wage Expectations (root),ea-wage-tracker,ECB Wage Tracker,ECB Wage Tracker,EA,ecb,EWT.M.U2.N.WT.INWS._T.4F0.GY,monthly,level,percent,critical,174,2013-01,2027-06,MISCLASSIFIED,"Move to Labour › Wages; realized negotiated wage growth, not expectations.","Move to Labour › Wages; realized negotiated wage growth, not expectations.",https://data.ecb.europa.eu/data/datasets/EWT,https://data.ecb.europa.eu/data/datasets/EWT/data-information,ECB Wage Tracker
inflation,expectations_wages,inflation › Wage Expectations (chart),ea-wage-tracker-ex-oneoff,ECB Wage Tracker Excluding One-Off Payments,ECB Wage Tracker Ex One-Off,EA,ecb,EWT.M.U2.N.WT.INWX._T.4F0.GY,monthly,level,percent,high,174,2013-01,2027-06,MISCLASSIFIED,"Move to Labour › Wages; realized negotiated wage growth, not expectations.","Move to Labour › Wages; realized negotiated wage growth, not expectations.",https://data.ecb.europa.eu/data/datasets/EWT,https://data.ecb.europa.eu/data/datasets/EWT/data-information,ECB Wage Tracker
inflation,national_cpi,Not in country dashboard,de-cpi-yoy,Germany HICP YoY,DE CPI,EA,eurostat,prc_hicp_minr_DE,monthly,level,percent,high,357,1997-01-01,2026-09-01,IMPORTANT,Keep with native label/method.,Direct price-stability input or inflation driver; preserve exact native price measure and basket level.,https://www.destatis.de,https://www.destatis.de/EN/Themes/Economy/Prices/Consumer-Price-Index/_node.html,German CPI
inflation,national_cpi,Not in country dashboard,es-cpi-yoy,Spain HICP YoY,ES CPI,EA,eurostat,prc_hicp_minr_ES,monthly,level,percent,medium,357,1997-01-01,2026-09-01,OPTIONAL,Keep with native label/method.,Contextual/supporting indicator; keep subordinate unless a defined policy use case warrants prominence.,https://www.ine.es,https://www.ine.es/en/,Spanish CPI
inflation,national_cpi,Not in country dashboard,fr-cpi-yoy,France HICP YoY,FR CPI,EA,eurostat,prc_hicp_minr_FR,monthly,level,percent,high,357,1997-01-01,2026-09-01,IMPORTANT,Keep with native label/method.,Direct price-stability input or inflation driver; preserve exact native price measure and basket level.,https://www.insee.fr,https://www.insee.fr/en/statistiques/serie/001759971,French CPI
inflation,national_cpi,Not in country dashboard,it-cpi-yoy,Italy HICP YoY,IT CPI,EA,eurostat,prc_hicp_minr_IT,monthly,level,percent,medium,357,1997-01-01,2026-09-01,OPTIONAL,Keep with native label/method.,Contextual/supporting indicator; keep subordinate unless a defined policy use case warrants prominence.,https://www.istat.it,https://www.istat.it/en/prices,Italian CPI
inflation,producer_prices,Not in country dashboard,ea-ppi-yoy,Euro Area PPI YoY,EA PPI,EA,eurostat,sts_inpp_m,monthly,pct_change_yoy,percent,high,308,2001-01-01,2026-08-01,IMPORTANT,Keep with native label/method.,Direct price-stability input or inflation driver; preserve exact native price measure and basket level.,https://ec.europa.eu/eurostat/web/short-term-business-statistics,https://ec.europa.eu/eurostat/databrowser/view/sts_inpp_m/default/table,Industrial Producer Prices
growth,demand,Not in country dashboard,ea-retail-sales,Euro Area Retail Trade YoY,EA Retail,EA,eurostat,ei_isrr_m,monthly,published_rate,percent,high,308,2001-01-01,2026-08-01,IMPORTANT,Keep with native label/method.,"Activity, expenditure, production or demand evidence; distinguish level, rate, contribution and survey.",https://ec.europa.eu/eurostat/web/short-term-business-statistics,https://ec.europa.eu/eurostat/databrowser/view/ei_isrr_m/default/table,Retail Trade
growth,gdp,growth › Real GDP (root),ea-gdp-qoq,Euro Area Real GDP QoQ,EA GDP QoQ,EA,eurostat,ea_gdp_real,quarterly,pct_change,percent,critical,125,1995-04-01,2026-04-01,CORE,Keep with native label/method.,"Activity, expenditure, production or demand evidence; distinguish level, rate, contribution and survey.",https://ec.europa.eu/eurostat/web/national-accounts,https://ec.europa.eu/eurostat/web/national-accounts/publications,Euro Area GDP
growth,gdp,growth › Real GDP › Real GDP YoY (component),ea-gdp-yoy,Euro Area Real GDP YoY,EA GDP YoY,EA,eurostat,ea_gdp_real,quarterly,pct_change_yoy,percent,critical,122,1996-01-01,2026-04-01,CORE,Keep with native label/method.,"Activity, expenditure, production or demand evidence; distinguish level, rate, contribution and survey.",https://ec.europa.eu/eurostat/web/national-accounts,https://ec.europa.eu/eurostat/web/national-accounts/publications,Euro Area GDP
growth,government_consumption,growth › Government Consumption (root),ea-government-consumption,Euro Area Government Final Consumption,Government Consumption,EA,eurostat,ea_government_consumption,quarterly,level,index,high,126,1995-01-01,2026-04-01,IMPORTANT,Keep with native label/method.,"Activity, expenditure, production or demand evidence; distinguish level, rate, contribution and survey.",https://ec.europa.eu/eurostat/statistics-explained/index.php?title=National_accounts_and_GDP,https://ec.europa.eu/eurostat/web/national-accounts,Eurostat National Accounts
growth,gross_capital_formation,growth › Gross Fixed Capital Formation (root),ea-gfcf,Euro Area Gross Fixed Capital Formation,Gross Fixed Capital Formation,EA,eurostat,ea_gfcf,quarterly,level,index,critical,126,1995-01-01,2026-04-01,CORE,Keep with native label/method.,"Activity, expenditure, production or demand evidence; distinguish level, rate, contribution and survey.",https://ec.europa.eu/eurostat/statistics-explained/index.php?title=National_accounts_and_GDP,https://ec.europa.eu/eurostat/web/national-accounts,Eurostat National Accounts
growth,household_consumption,growth › Household Consumption (root),ea-household-consumption,Euro Area Household and NPISH Consumption,Household Consumption,EA,eurostat,ea_household_consumption,quarterly,level,index,critical,126,1995-01-01,2026-04-01,CORE,Keep with native label/method.,"Activity, expenditure, production or demand evidence; distinguish level, rate, contribution and survey.",https://ec.europa.eu/eurostat/statistics-explained/index.php?title=National_accounts_and_GDP,https://ec.europa.eu/eurostat/web/national-accounts,Eurostat National Accounts
growth,net_trade,growth › Exports (root),ea-exports,Euro Area Exports,Exports,EA,eurostat,ea_exports,quarterly,level,index,high,126,1995-01-01,2026-04-01,IMPORTANT,Keep with native label/method.,"Activity, expenditure, production or demand evidence; distinguish level, rate, contribution and survey.",https://ec.europa.eu/eurostat/statistics-explained/index.php?title=National_accounts_and_GDP,https://ec.europa.eu/eurostat/web/national-accounts,Eurostat National Accounts
growth,net_trade,growth › Imports / Net Trade (root),ea-imports,Euro Area Imports,Imports,EA,eurostat,ea_imports,quarterly,level,index,high,126,1995-01-01,2026-04-01,IMPORTANT,Keep with native label/method.,"Activity, expenditure, production or demand evidence; distinguish level, rate, contribution and survey.",https://ec.europa.eu/eurostat/statistics-explained/index.php?title=National_accounts_and_GDP,https://ec.europa.eu/eurostat/web/national-accounts,Eurostat National Accounts
growth,pmi,growth › PMI (root),ea-sp-global-composite-pmi,Euro Area S&P Global Composite PMI,EA Composite,EA,pmi_scrape,SP_GLOBAL_EA_COMPOSITE_PMI,monthly,level,index,high,0,,,SUPPORTING,Supporting private survey; zero observations.,"Private survey signal, not official statistical series; all configured PMI rows currently have no observations.",https://www.pmi.spglobal.com/PUBLIC/HOME?language=en,https://www.pmi.spglobal.com/public/release/pressreleases?language=en,S&P Global PMI
growth,pmi,growth › PMI › S&P Global Manufacturing (component),ea-sp-global-manufacturing-pmi,Euro Area S&P Global Manufacturing PMI,EA Manufacturing,EA,pmi_scrape,SP_GLOBAL_EA_MANUFACTURING_PMI,monthly,level,index,high,0,,,SUPPORTING,Supporting private survey; zero observations.,"Private survey signal, not official statistical series; all configured PMI rows currently have no observations.",https://www.pmi.spglobal.com/PUBLIC/HOME?language=en,https://www.pmi.spglobal.com/public/release/pressreleases?language=en,S&P Global PMI
growth,pmi,growth › PMI › S&P Global Services (component),ea-sp-global-services-pmi,Euro Area S&P Global Services PMI,EA Services,EA,pmi_scrape,SP_GLOBAL_EA_SERVICES_PMI,monthly,level,index,high,0,,,SUPPORTING,Supporting private survey; zero observations.,"Private survey signal, not official statistical series; all configured PMI rows currently have no observations.",https://www.pmi.spglobal.com/PUBLIC/HOME?language=en,https://www.pmi.spglobal.com/public/release/pressreleases?language=en,S&P Global PMI
growth,production,Not in country dashboard,ea-industrial-production,Euro Area Industrial Production YoY,EA IP,EA,eurostat,sts_inpr_m,monthly,pct_change_yoy,percent,high,415,1992-01-01,2026-07-01,IMPORTANT,Keep with native label/method.,"Activity, expenditure, production or demand evidence; distinguish level, rate, contribution and survey.",https://ec.europa.eu/eurostat/web/short-term-business-statistics,https://ec.europa.eu/eurostat/databrowser/view/sts_inpr_m/default/table,Industrial Production
growth,retail,growth › Retail Sales › Automotive Fuel (component),ea-retail-automotive-fuel,Euro Area Retail Sales — Automotive Fuel,Automotive Fuel,EA,eurostat,ea_retail_automotive_fuel,monthly,pct_change_mom,percent,high,319,2000-02-01,2026-08-01,IMPORTANT,Keep with native label/method.,"Activity, expenditure, production or demand evidence; distinguish level, rate, contribution and survey.",https://ec.europa.eu/eurostat/web/retail-trade,https://ec.europa.eu/eurostat/databrowser/,Retail Trade
growth,retail,growth › Retail Sales › Food / Drinks / Tobacco (component),ea-retail-food-drinks-tobacco,Euro Area Retail Sales — Food / Drinks / Tobacco,Food / Drinks / Tobacco,EA,eurostat,ea_retail_food_drinks_tobacco,monthly,pct_change_mom,percent,high,331,1999-02-01,2026-08-01,IMPORTANT,Keep with native label/method.,"Activity, expenditure, production or demand evidence; distinguish level, rate, contribution and survey.",https://ec.europa.eu/eurostat/web/retail-trade,https://ec.europa.eu/eurostat/databrowser/,Retail Trade
growth,retail,growth › Retail Sales › Non-Food ex Fuel (component),ea-retail-non-food-ex-fuel,Euro Area Retail Sales — Non-Food ex Fuel,Non-Food ex Fuel,EA,eurostat,ea_retail_non_food_ex_fuel,monthly,pct_change_mom,percent,high,331,1999-02-01,2026-08-01,IMPORTANT,Keep with native label/method.,"Activity, expenditure, production or demand evidence; distinguish level, rate, contribution and survey.",https://ec.europa.eu/eurostat/web/retail-trade,https://ec.europa.eu/eurostat/databrowser/,Retail Trade
growth,retail,Not in country dashboard,ea-retail-sales-mom,Euro Area Retail Trade MoM,EA Retail MoM,EA,eurostat,ei_isrr_mom,monthly,published_rate,percent,high,319,2000-02-01,2026-08-01,IMPORTANT,Keep with native label/method.,"Activity, expenditure, production or demand evidence; distinguish level, rate, contribution and survey.",https://ec.europa.eu/eurostat/web/retail-trade,https://ec.europa.eu/eurostat/databrowser/view/ei_isrr_m/default/table,Retail Trade
growth,retail,growth › Retail Sales (root),ea-retail-sales-total-ex-motor-vehicles,Euro Area Retail Sales — Total ex Motor Vehicles,Total ex Motor Vehicles,EA,eurostat,ea_retail_sales_total_ex_motor_vehicles,monthly,pct_change_mom,percent,critical,319,2000-02-01,2026-08-01,CORE,Keep with native label/method.,"Activity, expenditure, production or demand evidence; distinguish level, rate, contribution and survey.",https://ec.europa.eu/eurostat/web/retail-trade,https://ec.europa.eu/eurostat/databrowser/,Retail Trade
growth,sentiment,Not in country dashboard,ea-business-confidence,Euro Area Industrial Confidence,EA Biz Conf,EA,eurostat,ei_bssi_ici,monthly,level,index,high,561,1980-01-01,2026-09-01,IMPORTANT,Keep with native label/method.,"Activity, expenditure, production or demand evidence; distinguish level, rate, contribution and survey.",https://economy-finance.ec.europa.eu/economic-forecast-and-surveys/business-and-consumer-surveys_en,https://ec.europa.eu/eurostat/databrowser/view/ei_bssi_m_r2/default/table,Business and Consumer Surveys
growth,sentiment,Not in country dashboard,ea-esi,Euro Area Economic Sentiment,EA ESI,EA,eurostat,ei_bssi_esi,monthly,level,index,high,561,1980-01-01,2026-09-01,IMPORTANT,Keep with native label/method.,"Activity, expenditure, production or demand evidence; distinguish level, rate, contribution and survey.",https://economy-finance.ec.europa.eu/economic-forecast-and-surveys/business-and-consumer-surveys_en,https://ec.europa.eu/eurostat/databrowser/view/ei_bssi_m_r2/default/table,Business and Consumer Surveys
jobs,employment,Not in country dashboard,ea-employment-qoq,Euro Area Employment QoQ,EA Employment QoQ,EA,eurostat,lfsi_emp_q_ea,quarterly,pct_change,percent,high,69,2009-04-01,2026-04-01,IMPORTANT,Keep with native label/method.,"Labour supply/demand, employment, pay or expectations; distinguish observed outcomes from surveys.",https://ec.europa.eu/eurostat/web/labour-market,https://ec.europa.eu/eurostat/databrowser/view/lfsi_emp_q/default/table,Euro Area Labour Force Survey
jobs,employment,jobs › Employment › Employment Rate (component),ea-employment-rate,Euro Area Employment Rate,EA Employment Rate,EA,eurostat,ea-employment-rate,quarterly,level,percent,high,70,2009-01-01,2026-04-01,IMPORTANT,Keep with native label/method.,"Labour supply/demand, employment, pay or expectations; distinguish observed outcomes from surveys.",https://ec.europa.eu/eurostat/web/labour-market,https://ec.europa.eu/eurostat/databrowser/view/lfsi_emp_q/default/table,Euro Area Labour Force Survey
jobs,employment,jobs › Employment (root),ea-employment-yoy,Euro Area Employment YoY,EA Employment YoY,EA,eurostat,lfsi_emp_q_ea,quarterly,pct_change_yoy,percent,high,66,2010-01-01,2026-04-01,IMPORTANT,Keep with native label/method.,"Labour supply/demand, employment, pay or expectations; distinguish observed outcomes from surveys.",https://ec.europa.eu/eurostat/web/labour-market,https://ec.europa.eu/eurostat/databrowser/view/lfsi_emp_q/default/table,Euro Area Labour Force Survey
jobs,expectations_wages,inflation › Wage Expectations (chart),ea-spf-wage-exp-1y,ECB SPF Wage Growth Assumption 1Y,SPF Wages 1Y,EA,ecb,SPF_ASSU_LAB_P12M,annual,level,percent,high,22,2005-01-01,2026-01-01,MISCLASSIFIED,"Move from Jobs to Expectations › Professional forecasts, wage/cost outlook.","Move from Jobs to Expectations › Professional forecasts, wage/cost outlook.",https://data.ecb.europa.eu/data/datasets/SPF,https://www.ecb.europa.eu/stats/ecb_surveys/survey_of_professional_forecasters/html/index.en.html,ECB Survey of Professional Forecasters
jobs,inactivity,jobs › Economic Inactivity › Inactive Population (component),ea-inactive-population,Euro Area Inactive Population,EA Inactive,EA,eurostat,ea_inactive_population,quarterly,level,thousands,high,89,2002-04-01,2026-04-01,IMPORTANT,Keep with native label/method.,"Labour supply/demand, employment, pay or expectations; distinguish observed outcomes from surveys.",https://ec.europa.eu/eurostat/web/labour-market,https://ec.europa.eu/eurostat/databrowser/view/lfsq_argaed/default/table,Euro Area Labour Force Survey
jobs,inactivity,jobs › Economic Inactivity (root),ea-inactivity,Euro Area Inactivity Rate,Inactivity Rate,EA,eurostat,ea_inactivity_rate,quarterly,level,percent,high,89,2002-04-01,2026-04-01,IMPORTANT,Keep with native label/method.,"Labour supply/demand, employment, pay or expectations; distinguish observed outcomes from surveys.",https://ec.europa.eu/eurostat/statistics-explained/index.php?title=Employment_and_unemployment,https://ec.europa.eu/eurostat/web/lfs,Eurostat Labour Force Survey
jobs,inactivity,jobs › Economic Inactivity › Inactivity Change (component),ea-inactivity-change,Euro Area Inactivity Change,EA Inactivity Δ,EA,eurostat,ea_inactive_population,quarterly,diff,thousands,high,88,2003-04-01,2026-04-01,IMPORTANT,Keep with native label/method.,"Labour supply/demand, employment, pay or expectations; distinguish observed outcomes from surveys.",https://ec.europa.eu/eurostat/web/labour-market,https://ec.europa.eu/eurostat/databrowser/view/lfsq_argaed/default/table,Euro Area Labour Force Survey
jobs,national_jobs,Not in country dashboard,de-unemployment,Germany Unemployment Rate,DE U-Rate,EA,fred,LRHUTTTTDEM156S,monthly,level,percent,high,427,1991-01-01,2026-07-01,MISCLASSIFIED,Germany rate stored as EA; isolate as national context and prefer Eurostat harmonized series.,Germany rate stored as EA; isolate as national context and prefer Eurostat harmonized series.,https://www.destatis.de,https://www.destatis.de/EN/Themes/Labour/Labour-Market/_node.html,German Labour Market
jobs,payrolls,jobs › Employment › Employment Change (component),ea-employment-change,Euro Area Employment Change,EA Emp Δ,EA,eurostat,lfsi_emp_q_ea,quarterly,diff,thousands,critical,69,2009-04-01,2026-04-01,CORE,Keep with native label/method.,"Labour supply/demand, employment, pay or expectations; distinguish observed outcomes from surveys.",https://ec.europa.eu/eurostat/web/labour-market,https://ec.europa.eu/eurostat/databrowser/view/lfsi_emp_q/default/table,Euro Area Labour Force Survey
jobs,unemployment,jobs › Unemployment Rate › Long-Term Unemployment (component),ea-long-term-unemployment,Euro Area Long-Term Unemployment,EA Long-Term U,EA,eurostat,ea_long_term_unemployment,quarterly,level,thousands,high,70,2009-01-01,2026-04-01,IMPORTANT,Keep with native label/method.,"Labour supply/demand, employment, pay or expectations; distinguish observed outcomes from surveys.",https://ec.europa.eu/eurostat/web/labour-market,https://ec.europa.eu/eurostat/databrowser/view/lfsa_ugad/default/table,Euro Area Labour Force Survey
jobs,unemployment,jobs › Unemployment Rate › Unemployed Persons (component),ea-unemployed-persons,Euro Area Unemployed Persons,EA Unemployed,EA,eurostat,ei_lmhu_m,monthly,level,thousands,high,320,2000-01-01,2026-08-01,IMPORTANT,Keep with native label/method.,"Labour supply/demand, employment, pay or expectations; distinguish observed outcomes from surveys.",https://ec.europa.eu/eurostat/web/labour-market,https://ec.europa.eu/eurostat/databrowser/view/ei_lmhu_m/default/table,Euro Area Unemployment
jobs,unemployment,jobs › Unemployment Rate (root),ea-unemployment,Euro Area Unemployment Rate,EA U-Rate,EA,eurostat,une_rt_m,monthly,published_rate,percent,critical,320,2000-01-01,2026-08-01,CORE,Keep with native label/method.,"Labour supply/demand, employment, pay or expectations; distinguish observed outcomes from surveys.",https://ec.europa.eu/eurostat/web/labour-market/statistics-illustrated,https://ec.europa.eu/eurostat/databrowser/view/une_rt_m/default/table,Euro Area Unemployment
jobs,unemployment,jobs › Youth Unemployment › Youth Unemployed Persons (component),ea-youth-unemployed-persons,Euro Area Youth Unemployed Persons,EA Youth Unemployed,EA,eurostat,ea-youth-unemployed-persons,monthly,level,thousands,medium,320,2000-01-01,2026-08-01,OPTIONAL,Keep with native label/method.,Contextual/supporting indicator; keep subordinate unless a defined policy use case warrants prominence.,https://ec.europa.eu/eurostat/web/labour-market,https://ec.europa.eu/eurostat/databrowser/view/une_rt_m/default/table,Euro Area Unemployment
jobs,unemployment,jobs › Youth Unemployment (root),ea-youth-unemployment,Euro Area Youth Unemployment Rate,EA Youth U,EA,eurostat,une_rt_m_youth,monthly,published_rate,percent,medium,320,2000-01-01,2026-08-01,OPTIONAL,Keep with native label/method.,Contextual/supporting indicator; keep subordinate unless a defined policy use case warrants prominence.,https://ec.europa.eu/eurostat/web/labour-market,https://ec.europa.eu/eurostat/databrowser/view/une_rt_m/default/table,Euro Area Unemployment
jobs,vacancies,jobs › Job Vacancies (root),ea-job-vacancies,Euro Area Job Vacancy Rate,Job Vacancy Rate,EA,eurostat,ea_job_vacancy_rate,quarterly,level,percent,high,82,2006-01-01,2026-04-01,IMPORTANT,Keep with native label/method.,"Labour supply/demand, employment, pay or expectations; distinguish observed outcomes from surveys.",https://ec.europa.eu/eurostat/statistics-explained/index.php?title=Job_vacancy_statistics,https://ec.europa.eu/eurostat/web/labour-market/job-vacancies,Eurostat Job Vacancy Statistics
jobs,vacancies,jobs › Job Vacancies › Vacancy Change (component),ea-vacancy-change,Euro Area Vacancy Change,EA Vacancy Δ,EA,eurostat,ea_vacant_posts,quarterly,diff,thousands,high,81,2006-04-01,2026-04-01,IMPORTANT,Keep with native label/method.,"Labour supply/demand, employment, pay or expectations; distinguish observed outcomes from surveys.",https://ec.europa.eu/eurostat/web/labour-market/job-vacancies,https://ec.europa.eu/eurostat/databrowser/view/jvs_q_r21/default/table,Euro Area Job Vacancy Statistics
jobs,vacancies,jobs › Job Vacancies › Vacant Posts (component),ea-vacant-posts,Euro Area Vacant Posts,EA Vacant Posts,EA,eurostat,ea_vacant_posts,quarterly,level,thousands,high,82,2006-01-01,2026-04-01,IMPORTANT,Keep with native label/method.,"Labour supply/demand, employment, pay or expectations; distinguish observed outcomes from surveys.",https://ec.europa.eu/eurostat/web/labour-market/job-vacancies,https://ec.europa.eu/eurostat/databrowser/view/jvs_q_r21/default/table,Euro Area Job Vacancy Statistics
jobs,wages,jobs › Wage Growth / Labour Costs (root),ea-wage-growth,Euro Area Wage Growth YoY,EA Wages YoY,EA,eurostat,lc_lci_wage_yoy,quarterly,published_rate,percent,high,66,2010-01-01,2026-04-01,IMPORTANT,Keep with native label/method.,"Labour supply/demand, employment, pay or expectations; distinguish observed outcomes from surveys.",https://ec.europa.eu/eurostat/web/labour-market,https://ec.europa.eu/eurostat/databrowser/view/lc_lci_r2_q/default/table,Euro Area Labour Cost Index
jobs,wages,jobs › Wage Growth / Labour Costs › Wage Growth QoQ (component),ea-wage-growth-qoq,Euro Area Wage Growth QoQ,EA Wages QoQ,EA,eurostat,lc_lci_wage_qoq,quarterly,published_rate,percent,high,69,2009-04-01,2026-04-01,IMPORTANT,Keep with native label/method.,"Labour supply/demand, employment, pay or expectations; distinguish observed outcomes from surveys.",https://ec.europa.eu/eurostat/web/labour-market,https://ec.europa.eu/eurostat/databrowser/view/lc_lci_r2_q/default/table,Euro Area Labour Cost Index
